team,percent_abroad,market_value,rank,confederation,number,position,birth_date,shirt_name,club,height,weight,league,age,name,caps
France,69.6,108e7,7,UEFA,1,GK,1986-12-26,LLORIS,Tottenham Hotspur FC,188,82,ENG,31.465753424657535,Hugo Lloris,98
France,69.6,108e7,7,UEFA,2,DF,1996-03-28,PAVARD,VfB Stuttgart,186,76,GER,22.213698630136985,Benjamin Pavard,6
France,69.6,108e7,7,UEFA,3,DF,1995-08-13,KIMPEMBE,Paris Saint-Germain FC,182,78,FRA,22.835616438356166,Presnel Kimpembe,2
France,69.6,108e7,7,UEFA,4,DF,1993-04-25,VARANE,Real Madrid CF,191,79,ESP,25.136986301369863,Raphaël Varane,42
France,69.6,108e7,7,UEFA,5,DF,1993-11-14,UMTITI,FC Barcelona,183,84,ESP,24.58082191780822,Samuel Umtiti,19
France,69.6,108e7,7,UEFA,6,MF,1993-03-15,POGBA,Manchester United FC,191,86,ENG,25.24931506849315,Paul Pogba,54
France,69.6,108e7,7,UEFA,7,FW,1991-03-21,GRIEZMANN,Atletico Madrid,174,72,ESP,27.232876712328768,Antoine Griezmann,54
France,69.6,108e7,7,UEFA,8,FW,1995-11-12,LEMAR,AS Monaco,172,65,FRA,22.586301369863016,Thomas Lemar,12
France,69.6,108e7,7,UEFA,9,FW,1986-09-30,GIROUD,Chelsea FC,193,91,ENG,31.704109589041096,Olivier Giroud,74
France,69.6,108e7,7,UEFA,10,FW,1998-12-20,MBAPPE,Paris Saint-Germain FC,178,78,FRA,19.482191780821918,Kylian Mbappé,15
France,69.6,108e7,7,UEFA,11,FW,1997-05-15,DEMBELE,FC Barcelona,178,70,ESP,21.08219178082192,Ousmane Dembélé,12
France,69.6,108e7,7,UEFA,12,MF,1994-08-03,TOLISSO,FC Bayern München,180,82,GER,23.863013698630137,Corentin Tolisso,9
France,69.6,108e7,7,UEFA,13,MF,1991-03-29,KANTE,Chelsea FC,168,70,ENG,27.21095890410959,N'Golo Kanté,24
France,69.6,108e7,7,UEFA,14,MF,1987-04-09,MATUIDI,Juventus FC,180,74,ITA,31.18082191780822,Blaise Matuidi,67
France,69.6,108e7,7,UEFA,15,MF,1988-12-15,NZONZI,Sevilla FC,197,87,ESP,29.495890410958904,Steven Nzonzi,4
France,69.6,108e7,7,UEFA,16,GK,1985-03-28,MANDANDA,Olympique Marseille,187,88,FRA,33.21369863013699,Steve Mandanda,27
France,69.6,108e7,7,UEFA,17,DF,1985-12-27,RAMI,Olympique Marseille,190,90,FRA,32.463013698630135,Adil Rami,35
France,69.6,108e7,7,UEFA,18,FW,1993-07-18,FEKIR,Olympique Lyon,173,76,FRA,24.90684931506849,Nabil Fekir,12
France,69.6,108e7,7,UEFA,19,DF,1992-07-29,SIDIBE,AS Monaco,184,81,FRA,25.876712328767123,Djibril Sidibé,17
France,69.6,108e7,7,UEFA,20,FW,1993-01-26,THAUVIN,Olympique Marseille,180,76,FRA,25.38082191780822,Florian Thauvin,4
France,69.6,108e7,7,UEFA,21,DF,1996-02-14,HERNANDEZ,Atletico Madrid,183,76,ESP,22.328767123287673,Lucas Hernández,5
France,69.6,108e7,7,UEFA,22,DF,1994-07-17,MENDY,Manchester City FC,183,84,ENG,23.90958904109589,Benjamin Mendy,7
France,69.6,108e7,7,UEFA,23,GK,1993-02-27,AREOLA,Paris Saint-Germain FC,195,95,FRA,25.293150684931508,Alphonse Areola,0
Spain,26.1,103e7,10,UEFA,1,GK,1990-11-07,DE GEA,Manchester United FC,190,71,ENG,27.6,David de Gea,29
Spain,26.1,103e7,10,UEFA,2,DF,1992-01-11,CARVAJAL,Real Madrid CF,173,73,ESP,26.421917808219177,Dani Carvajal,15
Spain,26.1,103e7,10,UEFA,3,DF,1987-02-02,PIQUÉ,FC Barcelona,194,85,ESP,31.361643835616437,Gerard Piqué,98
Spain,26.1,103e7,10,UEFA,4,DF,1990-01-18,NACHO,Real Madrid CF,179,77,ESP,28.4027397260274,Nacho,17
Spain,26.1,103e7,10,UEFA,5,MF,1988-07-16,SERGIO,FC Barcelona,189,78,ESP,29.912328767123288,Sergio Busquets,103
Spain,26.1,103e7,10,UEFA,6,MF,1984-05-11,A. INIESTA,FC Barcelona,171,68,ESP,34.09315068493151,Andrés Iniesta,127
Spain,26.1,103e7,10,UEFA,7,MF,1994-11-21,SAÚL,Atletico Madrid,183,76,ESP,23.561643835616437,Saúl,10
Spain,26.1,103e7,10,UEFA,8,MF,1992-01-08,KOKE,Atletico Madrid,176,73,ESP,26.43013698630137,Koke,40
Spain,26.1,103e7,10,UEFA,9,FW,1991-03-06,RODRIGO M.,Valencia CF,182,72,ESP,27.273972602739725,Rodrigo,6
Spain,26.1,103e7,10,UEFA,10,MF,1991-04-11,THIAGO,FC Bayern München,174,70,GER,27.175342465753424,Thiago,29
Spain,26.1,103e7,10,UEFA,11,FW,1991-07-01,LUCAS V.,Real Madrid CF,173,70,ESP,26.953424657534246,Lucas Vázquez,7
Spain,26.1,103e7,10,UEFA,12,DF,1995-12-14,ODRIOZOLA,Real Sociedad,178,67,ESP,22.4986301369863,Álvaro Odriozola,4
Spain,26.1,103e7,10,UEFA,13,GK,1994-10-03,ARRIZABALAGA,Athletic Bilbao,189,84,ESP,23.695890410958903,Kepa Arrizabalaga,1
Spain,26.1,103e7,10,UEFA,14,DF,1989-08-28,AZPILICUETA,Chelsea FC,178,78,ENG,28.794520547945204,César Azpilicueta,22
Spain,26.1,103e7,10,UEFA,15,DF,1986-03-30,RAMOS,Real Madrid CF,183,75,ESP,32.20821917808219,Sergio Ramos,152
Spain,26.1,103e7,10,UEFA,16,DF,1986-02-26,MONREAL,Arsenal FC,179,72,ENG,32.295890410958904,Nacho Monreal,22
Spain,26.1,103e7,10,UEFA,17,FW,1987-08-01,IAGO ASPAS,Celta Vigo,176,67,ESP,30.86849315068493,Iago Aspas,10
Spain,26.1,103e7,10,UEFA,18,DF,1989-03-21,JORDI ALBA,FC Barcelona,170,68,ESP,29.232876712328768,Jordi Alba,62
Spain,26.1,103e7,10,UEFA,19,FW,1988-10-07,DIEGO COSTA,Atletico Madrid,185,86,ESP,29.684931506849313,Diego Costa,20
Spain,26.1,103e7,10,UEFA,20,MF,1996-01-21,ASENSIO,Real Madrid CF,182,76,ESP,22.394520547945206,Marco Asensio,12
Spain,26.1,103e7,10,UEFA,21,FW,1986-01-08,SILVA,Manchester City FC,170,67,ENG,32.43013698630137,David Silva,121
Spain,26.1,103e7,10,UEFA,22,MF,1992-04-21,ISCO,Real Madrid CF,176,74,ESP,26.147945205479452,Isco,28
Spain,26.1,103e7,10,UEFA,23,GK,1982-08-31,REINA,SSC Napoli,188,92,ITA,35.78630136986301,Pepe Reina,36
Brazil,87,981e6,2,CONMEBOL,1,GK,1992-10-02,A. BECKER,AS Roma,193,91,ITA,25.698630136986303,Alisson,26
Brazil,87,981e6,2,CONMEBOL,2,DF,1984-09-22,T. SILVA,Paris Saint-Germain FC,183,79,FRA,33.726027397260275,Thiago Silva,71
Brazil,87,981e6,2,CONMEBOL,3,DF,1984-09-07,MIRANDA,FC Internazionale,186,78,ITA,33.76712328767123,Miranda,47
Brazil,87,981e6,2,CONMEBOL,4,DF,1985-09-21,GEROMEL,Grêmio FBPA,190,84,BRA,32.728767123287675,Pedro Geromel,2
Brazil,87,981e6,2,CONMEBOL,5,MF,1992-02-23,CASEMIRO,Real Madrid CF,185,84,ESP,26.304109589041097,Casemiro,24
Brazil,87,981e6,2,CONMEBOL,6,DF,1985-08-09,FILIPE LUIS,Atletico Madrid,182,73,ESP,32.846575342465755,Filipe Luís,33
Brazil,87,981e6,2,CONMEBOL,7,FW,1990-09-14,D. COSTA,Juventus FC,182,70,ITA,27.747945205479454,Douglas Costa,25
Brazil,87,981e6,2,CONMEBOL,8,MF,1988-02-08,R. AUGUSTO,Beijing Guoan,186,86,CHN,30.345205479452055,Renato Augusto,28
Brazil,87,981e6,2,CONMEBOL,9,FW,1997-04-03,G. JESUS,Manchester City FC,175,73,ENG,21.197260273972603,Gabriel Jesus,17
Brazil,87,981e6,2,CONMEBOL,10,FW,1992-02-05,NEYMAR JR,Paris Saint-Germain FC,175,68,FRA,26.353424657534248,Neymar,85
Brazil,87,981e6,2,CONMEBOL,11,MF,1992-06-12,P. COUTINHO,FC Barcelona,172,68,ESP,26.005479452054793,Philippe Coutinho,37
Brazil,87,981e6,2,CONMEBOL,12,DF,1988-05-12,MARCELO,Real Madrid CF,174,80,ESP,30.09041095890411,Marcelo,54
Brazil,87,981e6,2,CONMEBOL,13,DF,1994-05-14,MARQUINHOS,Paris Saint-Germain FC,183,75,FRA,24.084931506849315,Marquinhos,26
Brazil,87,981e6,2,CONMEBOL,14,DF,1991-07-15,DANILO,Manchester City FC,184,78,ENG,26.915068493150685,Danilo,18
Brazil,87,981e6,2,CONMEBOL,15,MF,1988-07-25,PAULINHO,FC Barcelona,181,81,ESP,29.887671232876713,Paulinho,50
Brazil,87,981e6,2,CONMEBOL,16,GK,1987-06-06,CASSIO,SC Corinthians,195,92,BRA,31.02191780821918,Cássio,1
Brazil,87,981e6,2,CONMEBOL,17,MF,1985-05-04,FERNANDINHO,Manchester City FC,179,67,ENG,33.11232876712329,Fernandinho,44
Brazil,87,981e6,2,CONMEBOL,18,MF,1993-03-05,FRED,FC Shakhtar Donetsk,169,64,UKR,25.276712328767122,Fred,8
Brazil,87,981e6,2,CONMEBOL,19,MF,1988-08-09,WILLIAN,Chelsea FC,175,77,ENG,29.846575342465755,Willian,57
Brazil,87,981e6,2,CONMEBOL,20,FW,1991-10-02,FIRMINO,Liverpool FC,181,76,ENG,26.698630136986303,Roberto Firmino,21
Brazil,87,981e6,2,CONMEBOL,21,FW,1988-01-13,TAISON,FC Shakhtar Donetsk,172,64,UKR,30.416438356164385,Taison,8
Brazil,87,981e6,2,CONMEBOL,22,DF,1989-06-11,FAGNER,SC Corinthians,168,67,BRA,29.008219178082193,Fagner,4
Brazil,87,981e6,2,CONMEBOL,23,GK,1993-08-17,EDERSON,Manchester City FC,188,86,ENG,24.824657534246576,Ederson,1
Germany,34.8,883e6,1,UEFA,1,GK,1986-03-27,NEUER,FC Bayern München,193,93,GER,32.21643835616438,Manuel Neuer,76
Germany,34.8,883e6,1,UEFA,2,DF,1992-01-26,PLATTENHARDT,Hertha BSC,181,76,GER,26.38082191780822,Marvin Plattenhardt,6
Germany,34.8,883e6,1,UEFA,3,DF,1990-05-27,HECTOR,1. FC Köln,185,75,GER,28.04931506849315,Jonas Hector,38
Germany,34.8,883e6,1,UEFA,4,DF,1994-01-19,GINTER,VfL Borussia Mönchengladbach,189,85,GER,24.4,Matthias Ginter,18
Germany,34.8,883e6,1,UEFA,5,DF,1988-12-16,HUMMELS,FC Bayern München,192,90,GER,29.493150684931507,Mats Hummels,64
Germany,34.8,883e6,1,UEFA,6,MF,1987-04-04,KHEDIRA,Juventus FC,189,81,ITA,31.194520547945206,Sami Khedira,75
Germany,34.8,883e6,1,UEFA,7,MF,1993-09-20,DRAXLER,Paris Saint-Germain FC,185,74,FRA,24.731506849315068,Julian Draxler,44
Germany,34.8,883e6,1,UEFA,8,MF,1990-01-04,KROOS,Real Madrid CF,182,78,ESP,28.44109589041096,Toni Kroos,83
Germany,34.8,883e6,1,UEFA,9,FW,1996-03-06,WERNER,RB Leipzig,181,75,GER,22.273972602739725,Timo Werner,14
Germany,34.8,883e6,1,UEFA,10,MF,1988-10-15,ÖZIL,Arsenal FC,180,70,ENG,29.663013698630138,Mesut Özil,90
Germany,34.8,883e6,1,UEFA,11,FW,1989-05-31,REUS,Borussia Dortmund,180,67,GER,29.03835616438356,Marco Reus,31
Germany,34.8,883e6,1,UEFA,12,GK,1990-07-08,TRAPP,Paris Saint-Germain FC,189,88,FRA,27.934246575342467,Kevin Trapp,3
Germany,34.8,883e6,1,UEFA,13,MF,1989-09-13,MÜLLER,FC Bayern München,186,75,GER,28.75068493150685,Thomas Müller,91
Germany,34.8,883e6,1,UEFA,14,MF,1995-02-06,GORETZKA,FC Schalke 04,189,76,GER,23.350684931506848,Leon Goretzka,15
Germany,34.8,883e6,1,UEFA,15,DF,1995-09-03,SÜLE,FC Bayern München,195,89,GER,22.778082191780822,Niklas Süle,11
Germany,34.8,883e6,1,UEFA,16,DF,1993-03-03,RÜDIGER,Chelsea FC,191,85,ENG,25.28219178082192,Antonio Rüdiger,24
Germany,34.8,883e6,1,UEFA,17,DF,1988-09-03,BOATENG,FC Bayern München,192,90,GER,29.778082191780822,Jérôme Boateng,71
Germany,34.8,883e6,1,UEFA,18,DF,1995-02-08,KIMMICH,FC Bayern München,176,72,GER,23.345205479452055,Joshua Kimmich,29
Germany,34.8,883e6,1,UEFA,19,MF,1990-02-28,RUDY,FC Bayern München,179,74,GER,28.29041095890411,Sebastian Rudy,25
Germany,34.8,883e6,1,UEFA,20,MF,1996-05-02,BRANDT,Bayer 04 Leverkusen,183,82,GER,22.117808219178084,Julian Brandt,16
Germany,34.8,883e6,1,UEFA,21,MF,1990-10-24,GÜNDOGAN,Manchester City FC,180,79,ENG,27.638356164383563,İlkay Gündoğan,26
Germany,34.8,883e6,1,UEFA,22,GK,1992-04-30,TER STEGEN,FC Barcelona,187,85,ESP,26.123287671232877,Marc-André ter Stegen,20
Germany,34.8,883e6,1,UEFA,23,FW,1985-07-10,GOMEZ,VfB Stuttgart,189,82,GER,32.92876712328767,Mario Gómez,75
England,0,874e6,12,UEFA,1,GK,1994-03-07,PICKFORD,Everton FC,185,72,ENG,24.27123287671233,Jordan Pickford,3
England,0,874e6,12,UEFA,2,DF,1990-05-28,WALKER,Manchester City FC,178,83,ENG,28.046575342465754,Kyle Walker,35
England,0,874e6,12,UEFA,3,DF,1990-07-02,ROSE,Tottenham Hotspur FC,173,76,ENG,27.95068493150685,Danny Rose,18
England,0,874e6,12,UEFA,4,MF,1994-01-15,DIER,Tottenham Hotspur FC,188,90,ENG,24.410958904109588,Eric Dier,26
England,0,874e6,12,UEFA,5,DF,1994-05-28,STONES,Manchester City FC,188,72,ENG,24.046575342465754,John Stones,26
England,0,874e6,12,UEFA,6,DF,1993-03-05,MAGUIRE,Leicester City FC,193,98,ENG,25.276712328767122,Harry Maguire,5
England,0,874e6,12,UEFA,7,MF,1992-12-15,LINGARD,Manchester United FC,175,60,ENG,25.495890410958904,Jesse Lingard,12
England,0,874e6,12,UEFA,8,MF,1990-06-17,HENDERSON,Liverpool FC,183,82,ENG,27.991780821917807,Jordan Henderson,39
England,0,874e6,12,UEFA,9,FW,1993-07-28,KANE,Tottenham Hotspur FC,188,98,ENG,24.87945205479452,Harry Kane,24
England,0,874e6,12,UEFA,10,FW,1994-12-08,STERLING,Manchester City FC,170,70,ENG,23.515068493150686,Raheem Sterling,38
England,0,874e6,12,UEFA,11,FW,1987-01-11,VARDY,Leicester City FC,178,80,ENG,31.421917808219177,Jamie Vardy,22
England,0,874e6,12,UEFA,12,DF,1990-09-19,TRIPPIER,Tottenham Hotspur FC,178,72,ENG,27.734246575342464,Kieran Trippier,7
England,0,874e6,12,UEFA,13,GK,1993-03-10,BUTLAND,Stoke City FC,196,96,ENG,25.263013698630136,Jack Butland,8
England,0,874e6,12,UEFA,14,FW,1990-11-26,WELBECK,Arsenal FC,184,78,ENG,27.54794520547945,Danny Welbeck,39
England,0,874e6,12,UEFA,15,DF,1985-12-19,CAHILL,Chelsea FC,191,85,ENG,32.484931506849314,Gary Cahill,60
England,0,874e6,12,UEFA,16,DF,1992-02-21,JONES,Manchester United FC,182,72,ENG,26.30958904109589,Phil Jones,25
England,0,874e6,12,UEFA,17,DF,1989-11-21,DELPH,Manchester City FC,174,78,ENG,28.561643835616437,Fabian Delph,11
England,0,874e6,12,UEFA,18,DF,1985-07-09,YOUNG,Manchester United FC,175,78,ENG,32.93150684931507,Ashley Young,34
England,0,874e6,12,UEFA,19,FW,1997-10-31,RASHFORD,Manchester United FC,180,78,ENG,20.61917808219178,Marcus Rashford,19
England,0,874e6,12,UEFA,20,MF,1996-04-11,DELE,Tottenham Hotspur FC,188,76,ENG,22.175342465753424,Dele Alli,25
England,0,874e6,12,UEFA,21,MF,1996-01-23,LOFTUS-CHEEK,Chelsea FC,190,73,ENG,22.389041095890413,Ruben Loftus-Cheek,4
England,0,874e6,12,UEFA,22,DF,1998-10-07,ALEXANDER-ARNOLD,Liverpool FC,175,70,ENG,19.684931506849313,Trent Alexander-Arnold,1
England,0,874e6,12,UEFA,23,GK,1992-04-19,POPE,Burnley FC,191,76,ENG,26.153424657534245,Nick Pope,1
Belgium,95.7,754e6,3,UEFA,1,GK,1992-05-11,COURTOIS,Chelsea FC,199,91,ENG,26.09315068493151,Thibaut Courtois,58
Belgium,95.7,754e6,3,UEFA,2,DF,1989-03-02,ALDERWEIRELD,Tottenham Hotspur FC,186,81,ENG,29.284931506849315,Toby Alderweireld,77
Belgium,95.7,754e6,3,UEFA,3,DF,1985-11-14,VERMAELEN,FC Barcelona,183,80,ESP,32.58082191780822,Thomas Vermaelen,66
Belgium,95.7,754e6,3,UEFA,4,DF,1986-04-10,KOMPANY,Manchester City FC,190,85,ENG,32.178082191780824,Vincent Kompany,77
Belgium,95.7,754e6,3,UEFA,5,DF,1987-04-24,VERTONGHEN,Tottenham Hotspur FC,189,86,ENG,31.13972602739726,Jan Vertonghen,102
Belgium,95.7,754e6,3,UEFA,6,MF,1989-01-12,WITSEL,Tianjin Quanjian FC,186,73,CHN,29.41917808219178,Axel Witsel,90
Belgium,95.7,754e6,3,UEFA,7,MF,1991-06-28,DE BRUYNE,Manchester City FC,181,70,ENG,26.96164383561644,Kevin De Bruyne,62
Belgium,95.7,754e6,3,UEFA,8,MF,1987-11-22,FELLAINI,Manchester United FC,194,85,ENG,30.55890410958904,Marouane Fellaini,82
Belgium,95.7,754e6,3,UEFA,9,FW,1993-05-13,R. LUKAKU,Manchester United FC,190,94,ENG,25.087671232876712,Romelu Lukaku,69
Belgium,95.7,754e6,3,UEFA,10,FW,1991-01-07,E. HAZARD,Chelsea FC,173,74,ENG,27.432876712328767,Eden Hazard,86
Belgium,95.7,754e6,3,UEFA,11,MF,1993-09-04,CARRASCO,Dalian Yifang FC,180,67,CHN,24.775342465753425,Yannick Carrasco,26
Belgium,95.7,754e6,3,UEFA,12,GK,1988-03-06,MIGNOLET,Liverpool FC,193,87,ENG,30.273972602739725,Simon Mignolet,21
Belgium,95.7,754e6,3,UEFA,13,GK,1992-06-25,CASTEELS,VfL Wolfsburg,197,86,GER,25.96986301369863,Koen Casteels,0
Belgium,95.7,754e6,3,UEFA,14,FW,1987-05-06,MERTENS,SSC Napoli,169,61,ITA,31.106849315068494,Dries Mertens,69
Belgium,95.7,754e6,3,UEFA,15,DF,1991-09-12,MEUNIER,Paris Saint-Germain FC,190,88,FRA,26.753424657534246,Thomas Meunier,25
Belgium,95.7,754e6,3,UEFA,16,MF,1993-03-29,T. HAZARD,VfL Borussia Mönchengladbach,174,70,GER,25.21095890410959,Thorgan Hazard,11
Belgium,95.7,754e6,3,UEFA,17,MF,1997-05-07,TIELEMANS,AS Monaco,176,72,FRA,21.104109589041094,Youri Tielemans,9
Belgium,95.7,754e6,3,UEFA,18,FW,1995-02-05,JANUZAJ,Real Sociedad,180,75,ESP,23.353424657534248,Adnan Januzaj,8
Belgium,95.7,754e6,3,UEFA,19,MF,1987-07-16,DEMBELE,Tottenham Hotspur FC,185,82,ENG,30.912328767123288,Mousa Dembélé,76
Belgium,95.7,754e6,3,UEFA,20,DF,1990-11-28,BOYATA,Celtic FC,188,84,SCO,27.542465753424658,Dedryck Boyata,7
Belgium,95.7,754e6,3,UEFA,21,FW,1993-10-02,BATSHUAYI,Borussia Dortmund,185,78,GER,24.698630136986303,Michy Batshuayi,16
Belgium,95.7,754e6,3,UEFA,22,MF,1989-08-02,CHADLI,West Bromwich Albion FC,187,85,ENG,28.865753424657534,Nacer Chadli,45
Belgium,95.7,754e6,3,UEFA,23,DF,1995-04-15,DENDONCKER,RSC Anderlecht,188,76,BEL,23.164383561643834,Leander Dendoncker,5
Argentina,82.6,699e6,5,CONMEBOL,1,GK,1986-02-10,GUZMÁN,Tigres UANL,192,90,MEX,32.33972602739726,Nahuel Guzmán,6
Argentina,82.6,699e6,5,CONMEBOL,2,DF,1987-03-18,MERCADO,Sevilla FC,181,81,ESP,31.24109589041096,Gabriel Mercado,20
Argentina,82.6,699e6,5,CONMEBOL,3,DF,1992-08-31,TAGLIAFICO,AFC Ajax,169,65,NED,25.786301369863015,Nicolás Tagliafico,4
Argentina,82.6,699e6,5,CONMEBOL,4,DF,1986-09-20,ANSALDI,Torino FC,181,73,ITA,31.731506849315068,Cristian Ansaldi,5
Argentina,82.6,699e6,5,CONMEBOL,5,MF,1986-01-30,BIGLIA,AC Milan,175,73,ITA,32.36986301369863,Lucas Biglia,57
Argentina,82.6,699e6,5,CONMEBOL,6,DF,1987-03-17,FAZIO,AS Roma,199,85,ITA,31.243835616438357,Federico Fazio,9
Argentina,82.6,699e6,5,CONMEBOL,7,MF,1988-06-29,BANEGA,Sevilla FC,175,73,ESP,29.958904109589042,Éver Banega,62
Argentina,82.6,699e6,5,CONMEBOL,8,DF,1991-10-28,ACUÑA,Sporting CP,172,77,POR,26.627397260273973,Marcos Acuña,10
Argentina,82.6,699e6,5,CONMEBOL,9,FW,1987-12-10,HIGUAÍN,Juventus FC,184,75,ITA,30.50958904109589,Gonzalo Higuaín,71
Argentina,82.6,699e6,5,CONMEBOL,10,FW,1987-06-24,MESSI,FC Barcelona,170,72,ESP,30.972602739726028,Lionel Messi,124
Argentina,82.6,699e6,5,CONMEBOL,11,MF,1988-02-14,DI MARÍA,Paris Saint-Germain FC,178,75,FRA,30.328767123287673,Ángel Di María,94
Argentina,82.6,699e6,5,CONMEBOL,12,GK,1986-10-16,ARMANI,CA River Plate,189,85,ARG,31.660273972602738,Franco Armani,0
Argentina,82.6,699e6,5,CONMEBOL,13,MF,1992-12-15,MEZA,CA Independiente,180,76,ARG,25.495890410958904,Maximiliano Meza,2
Argentina,82.6,699e6,5,CONMEBOL,14,DF,1984-06-08,MASCHERANO,Hebei China Fortune FC,174,73,CHN,34.016438356164386,Javier Mascherano,143
Argentina,82.6,699e6,5,CONMEBOL,15,MF,1993-02-15,LANZINI,West Ham United FC,167,66,ENG,25.326027397260273,Enzo Pérez,23
Argentina,82.6,699e6,5,CONMEBOL,16,DF,1990-03-20,ROJO,Manchester United FC,189,82,ENG,28.235616438356164,Marcos Rojo,56
Argentina,82.6,699e6,5,CONMEBOL,17,DF,1988-02-12,OTAMENDI,Manchester City FC,181,81,ENG,30.334246575342465,Nicolás Otamendi,54
Argentina,82.6,699e6,5,CONMEBOL,18,DF,1990-07-13,SALVIO,SL Benfica,167,69,POR,27.92054794520548,Eduardo Salvio,9
Argentina,82.6,699e6,5,CONMEBOL,19,FW,1988-06-02,AGÜERO,Manchester City FC,172,74,ENG,30.03287671232877,Sergio Agüero,85
Argentina,82.6,699e6,5,CONMEBOL,20,MF,1996-04-09,LO CELSO,Paris Saint-Germain FC,177,75,FRA,22.18082191780822,Giovani Lo Celso,5
Argentina,82.6,699e6,5,CONMEBOL,21,FW,1993-11-15,DYBALA,Juventus FC,177,73,ITA,24.578082191780823,Paulo Dybala,12
Argentina,82.6,699e6,5,CONMEBOL,22,MF,1996-01-21,PAVÓN,CA Boca Juniors,169,65,ARG,22.394520547945206,Cristian Pavón,5
Argentina,82.6,699e6,5,CONMEBOL,23,GK,1981-09-28,CABALLERO,Chelsea FC,186,80,ENG,36.70958904109589,Willy Caballero,3
Portugal,73.9,4945e5,4,UEFA,1,GK,1988-02-15,RUI PATRICIO,Sporting CP,189,84,POR,30.326027397260273,Rui Patrício,69
Portugal,73.9,4945e5,4,UEFA,2,DF,1981-11-27,B. ALVES,Rangers FC,187,83,SCO,36.54520547945206,Bruno Alves,96
Portugal,73.9,4945e5,4,UEFA,3,DF,1983-02-26,PEPE,Besiktas JK,188,81,TUR,35.295890410958904,Pepe,95
Portugal,73.9,4945e5,4,UEFA,4,MF,1986-02-05,M. FERNANDES,FC Lokomotiv Moscow,174,69,RUS,32.35342465753425,Manuel Fernandes,14
Portugal,73.9,4945e5,4,UEFA,5,DF,1993-12-22,RAPHAEL,Borussia Dortmund,170,64,GER,24.476712328767125,Raphaël Guerreiro,24
Portugal,73.9,4945e5,4,UEFA,6,DF,1983-12-22,FONTE,Dalian Yifang FC,191,84,CHN,34.47671232876712,José Fonte,31
Portugal,73.9,4945e5,4,UEFA,7,FW,1985-02-05,RONALDO,Real Madrid CF,185,80,ESP,33.35342465753425,Cristiano Ronaldo,150
Portugal,73.9,4945e5,4,UEFA,8,MF,1986-09-08,J. MOUTINHO,AS Monaco,170,61,FRA,31.764383561643836,João Moutinho,110
Portugal,73.9,4945e5,4,UEFA,9,FW,1995-11-06,ANDRÉ SILVA,AC Milan,184,78,ITA,22.602739726027398,André Silva,23
Portugal,73.9,4945e5,4,UEFA,10,MF,1993-01-19,J. MÁRIO,West Ham United FC,179,73,ENG,25.4,João Mário,36
Portugal,73.9,4945e5,4,UEFA,11,MF,1994-08-10,BERNARDO,Manchester City FC,173,65,ENG,23.843835616438355,Bernardo Silva,25
Portugal,73.9,4945e5,4,UEFA,12,GK,1990-10-01,LOPES,Olympique Lyon,184,81,FRA,27.7013698630137,Anthony Lopes,7
Portugal,73.9,4945e5,4,UEFA,13,DF,1997-05-14,RUBEN DIAS,SL Benfica,187,83,POR,21.084931506849315,Rúben Dias,1
Portugal,73.9,4945e5,4,UEFA,14,MF,1992-04-07,WILLIAM,Sporting CP,190,80,POR,26.186301369863013,William Carvalho,43
Portugal,73.9,4945e5,4,UEFA,15,DF,1993-10-06,RICARDO,FC Porto,174,70,POR,24.687671232876713,Ricardo Pereira,4
Portugal,73.9,4945e5,4,UEFA,16,MF,1994-09-08,B. FERNANDES,Sporting CP,183,64,POR,23.764383561643836,Bruno Fernandes,6
Portugal,73.9,4945e5,4,UEFA,17,FW,1996-11-29,G. GUEDES,Valencia CF,179,72,ESP,21.53972602739726,Gonçalo Guedes,10
Portugal,73.9,4945e5,4,UEFA,18,FW,1995-05-11,GELSON,Sporting CP,173,63,POR,23.09315068493151,Gelson Martins,18
Portugal,73.9,4945e5,4,UEFA,19,DF,1991-05-27,MÁRIO RUI,SSC Napoli,168,67,ITA,27.04931506849315,Mário Rui,4
Portugal,73.9,4945e5,4,UEFA,20,FW,1983-09-26,QUARESMA,Besiktas JK,175,73,TUR,34.71506849315068,Ricardo Quaresma,77
Portugal,73.9,4945e5,4,UEFA,21,DF,1991-08-31,CÉDRIC,Southampton FC,172,67,ENG,26.786301369863015,Cédric,29
Portugal,73.9,4945e5,4,UEFA,22,GK,1982-05-01,BETO,Goztepe SK,183,79,TUR,36.12054794520548,Beto,14
Portugal,73.9,4945e5,4,UEFA,23,MF,1989-03-15,ADRIEN,Leicester City FC,176,72,ENG,29.24931506849315,Adrien Silva,23
Uruguay,91.3,373e6,14,CONMEBOL,1,GK,1986-06-16,F. MUSLERA,Galatasaray SK,190,74,TUR,31.994520547945207,Fernando Muslera,97
Uruguay,91.3,373e6,14,CONMEBOL,2,DF,1995-01-20,J.M. GIMENEZ,Atletico Madrid,185,77,ESP,23.397260273972602,José Giménez,42
Uruguay,91.3,373e6,14,CONMEBOL,3,DF,1986-02-16,D. GODIN,Atletico Madrid,185,73,ESP,32.323287671232876,Diego Godín,116
Uruguay,91.3,373e6,14,CONMEBOL,4,DF,1993-03-24,G. VARELA,CA Penarol,173,70,URU,25.224657534246575,Guillermo Varela,3
Uruguay,91.3,373e6,14,CONMEBOL,5,MF,1984-12-02,C. SANCHEZ,CF Monterrey,171,74,MEX,33.53150684931507,Carlos Sánchez,36
Uruguay,91.3,373e6,14,CONMEBOL,6,MF,1997-06-25,R. BENTANCUR,Juventus FC,187,73,ITA,20.96986301369863,Rodrigo Bentancur,7
Uruguay,91.3,373e6,14,CONMEBOL,7,MF,1985-09-30,C. RODRIGUEZ,CA Penarol,178,79,URU,32.704109589041096,Cristian Rodríguez,105
Uruguay,91.3,373e6,14,CONMEBOL,8,MF,1995-12-28,N. NANDEZ,CA Boca Juniors,171,61,ARG,22.46027397260274,Nahitan Nández,12
Uruguay,91.3,373e6,14,CONMEBOL,9,FW,1987-01-24,L. SUAREZ,FC Barcelona,182,85,ESP,31.386301369863013,Luis Suárez,98
Uruguay,91.3,373e6,14,CONMEBOL,10,FW,1994-06-01,G. DE ARRASCAETA,Cruzeiro EC,172,64,BRA,24.035616438356165,Giorgian De Arrascaeta,14
Uruguay,91.3,373e6,14,CONMEBOL,11,FW,1986-10-12,C. STUANI,Girona FC,186,78,ESP,31.671232876712327,Cristhian Stuani,41
Uruguay,91.3,373e6,14,CONMEBOL,12,GK,1989-05-29,M. CAMPAÑA,CA Independiente,184,79,ARG,29.043835616438358,Martín Campaña,1
Uruguay,91.3,373e6,14,CONMEBOL,13,DF,1994-03-05,G. SILVA,CA Independiente,185,74,ARG,24.276712328767122,Gastón Silva,17
Uruguay,91.3,373e6,14,CONMEBOL,14,MF,1996-02-11,L. TORREIRA,UC Sampdoria,168,61,ITA,22.336986301369862,Lucas Torreira,3
Uruguay,91.3,373e6,14,CONMEBOL,15,MF,1991-08-24,M. VECINO,FC Internazionale,189,80,ITA,26.805479452054794,Matías Vecino,22
Uruguay,91.3,373e6,14,CONMEBOL,16,DF,1984-06-08,M. PEREIRA,FC Porto,173,73,POR,34.016438356164386,Maxi Pereira,125
Uruguay,91.3,373e6,14,CONMEBOL,17,MF,1993-02-07,D. LAXALT,Genoa CFC,178,66,ITA,25.34794520547945,Diego Laxalt,6
Uruguay,91.3,373e6,14,CONMEBOL,18,FW,1996-08-14,M. GOMEZ,Celta Vigo,186,85,ESP,21.832876712328765,Maxi Gómez,5
Uruguay,91.3,373e6,14,CONMEBOL,19,DF,1990-10-07,S. COATES,Sporting CP,196,89,POR,27.684931506849313,Sebastián Coates,30
Uruguay,91.3,373e6,14,CONMEBOL,20,FW,1990-03-19,J. URRETAVISCAYA,CF Monterrey,172,66,MEX,28.23835616438356,Jonathan Urretaviscaya,4
Uruguay,91.3,373e6,14,CONMEBOL,21,FW,1987-02-14,E. CAVANI,Paris Saint-Germain FC,188,78,FRA,31.328767123287673,Edinson Cavani,101
Uruguay,91.3,373e6,14,CONMEBOL,22,DF,1987-04-07,M. CACERES,SS Lazio,178,75,ITA,31.186301369863013,Martín Cáceres,76
Uruguay,91.3,373e6,14,CONMEBOL,23,GK,1983-03-25,M. SILVA,CR Vasco da Gama,187,82,BRA,35.221917808219175,Martín Silva,11
Croatia,91.3,364e6,20,UEFA,1,GK,1995-01-09,LIVAKOVIĆ,GNK Dinamo Zagreb,188,82,CRO,23.427397260273974,Dominik Livaković,1
Croatia,91.3,364e6,20,UEFA,2,DF,1992-01-10,VRSALJKO,Atletico Madrid,181,76,ESP,26.424657534246574,Šime Vrsaljko,35
Croatia,91.3,364e6,20,UEFA,3,DF,1987-07-17,STRINIĆ,UC Sampdoria,186,78,ITA,30.90958904109589,Ivan Strinić,43
Croatia,91.3,364e6,20,UEFA,4,FW,1989-02-02,PERIŠIĆ,FC Internazionale,186,81,ITA,29.361643835616437,Ivan Perišić,66
Croatia,91.3,364e6,20,UEFA,5,DF,1986-02-05,ĆORLUKA,FC Lokomotiv Moscow,192,84,RUS,32.35342465753425,Vedran Ćorluka,99
Croatia,91.3,364e6,20,UEFA,6,DF,1989-07-05,LOVREN,Liverpool FC,188,84,ENG,28.942465753424656,Dejan Lovren,39
Croatia,91.3,364e6,20,UEFA,7,MF,1988-03-10,RAKITIĆ,FC Barcelona,184,78,ESP,30.263013698630136,Ivan Rakitić,92
Croatia,91.3,364e6,20,UEFA,8,MF,1994-05-06,KOVAČIĆ,Real Madrid CF,178,78,ESP,24.106849315068494,Mateo Kovačić,41
Croatia,91.3,364e6,20,UEFA,9,FW,1991-06-19,KRAMARIĆ,TSG 1899 Hoffenheim,177,73,GER,26.986301369863014,Andrej Kramarić,31
Croatia,91.3,364e6,20,UEFA,10,MF,1985-09-09,MODRIĆ,Real Madrid CF,172,66,ESP,32.76164383561644,Luka Modrić,106
Croatia,91.3,364e6,20,UEFA,11,MF,1992-11-16,BROZOVIĆ,FC Internazionale,181,68,ITA,25.575342465753426,Marcelo Brozović,35
Croatia,91.3,364e6,20,UEFA,12,GK,1990-04-03,L. KALINIĆ,KAA Gent,201,96,BEL,28.197260273972603,Lovre Kalinić,11
Croatia,91.3,364e6,20,UEFA,13,DF,1995-11-28,JEDVAJ,Bayer 04 Leverkusen,184,81,GER,22.542465753424658,Tin Jedvaj,12
Croatia,91.3,364e6,20,UEFA,14,MF,1992-01-11,BRADARIĆ,HNK Rijeka,186,78,CRO,26.421917808219177,Filip Bradarić,4
Croatia,91.3,364e6,20,UEFA,15,DF,1996-09-17,ĆALETA-CAR,FC Red Bull Salzburg,192,89,AUT,21.73972602739726,Duje Ćaleta-Car,1
Croatia,91.3,364e6,20,UEFA,16,FW,1988-01-05,N. KALINIĆ,AC Milan,187,81,ITA,30.438356164383563,Nikola Kalinić,42
Croatia,91.3,364e6,20,UEFA,17,FW,1986-05-21,MANDŽUKIĆ,Juventus FC,190,85,ITA,32.06575342465754,Mario Mandžukić,83
Croatia,91.3,364e6,20,UEFA,18,FW,1993-09-21,REBIĆ,Eintracht Frankfurt,185,78,GER,24.72876712328767,Ante Rebić,16
Croatia,91.3,364e6,20,UEFA,19,MF,1989-02-25,BADELJ,ACF Fiorentina,186,76,ITA,29.2986301369863,Milan Badelj,38
Croatia,91.3,364e6,20,UEFA,20,FW,1995-05-06,PJACA,FC Schalke 04,186,83,GER,23.106849315068494,Marko Pjaca,16
Croatia,91.3,364e6,20,UEFA,21,DF,1989-04-29,VIDA,Besiktas JK,184,76,TUR,29.126027397260273,Domagoj Vida,59
Croatia,91.3,364e6,20,UEFA,22,DF,1989-01-30,PIVARIĆ,FC Dynamo Kyiv,176,69,UKR,29.36986301369863,Josip Pivarić,19
Croatia,91.3,364e6,20,UEFA,23,GK,1984-10-27,SUBAŠIĆ,AS Monaco,191,84,FRA,33.63013698630137,Danijel Subašić,38
Senegal,100,2995e5,27,CAF,1,GK,1992-03-30,DIALLO,Stade Rennais FC,189,79,FRA,26.208219178082192,Abdoulaye Diallo,17
Senegal,100,2995e5,27,CAF,2,DF,1989-06-15,CISS,Valenciennes FC,173,69,FRA,28.997260273972604,Saliou Ciss,18
Senegal,100,2995e5,27,CAF,3,DF,1991-06-20,KOULIBALY,SSC Napoli,195,89,ITA,26.983561643835618,Kalidou Koulibaly,26
Senegal,100,2995e5,27,CAF,4,DF,1989-11-22,KARA,RSC Anderlecht,192,85,BEL,28.55890410958904,Kara Mbodji,52
Senegal,100,2995e5,27,CAF,5,MF,1989-09-26,GANA,Everton FC,174,64,ENG,28.715068493150685,Idrissa Gueye,61
Senegal,100,2995e5,27,CAF,6,MF,1990-08-25,S. SANE,Hannover 96,196,84,GER,27.802739726027397,Salif Sané,22
Senegal,100,2995e5,27,CAF,7,FW,1986-01-19,SOW,Bursaspor,180,75,TUR,32.4,Moussa Sow,51
Senegal,100,2995e5,27,CAF,8,MF,1989-12-21,C. KOUYATE,West Ham United FC,189,75,ENG,28.47945205479452,Cheikhou Kouyaté,48
Senegal,100,2995e5,27,CAF,9,FW,1987-12-16,M. DIOUF,Stoke City FC,185,81,ENG,30.493150684931507,Mame Biram Diouf,49
Senegal,100,2995e5,27,CAF,10,FW,1992-04-10,MANE,Liverpool FC,175,69,ENG,26.17808219178082,Sadio Mané,53
Senegal,100,2995e5,27,CAF,11,MF,1986-03-29,CH. NDOYE,Birmingham City FC,192,90,ENG,32.21095890410959,Cheikh N'Doye,26
Senegal,100,2995e5,27,CAF,12,DF,1993-03-05,SABALY,FC Girondins Bordeaux,174,71,FRA,25.276712328767122,Youssouf Sabaly,5
Senegal,100,2995e5,27,CAF,13,MF,1990-03-06,A. NDIAYE,Wolverhampton Wanderers FC,186,80,ENG,28.273972602739725,Alfred N'Diaye,21
Senegal,100,2995e5,27,CAF,14,FW,1993-04-03,KONATE,Amiens SC,180,78,FRA,25.197260273972603,Moussa Konaté,28
Senegal,100,2995e5,27,CAF,15,FW,1989-12-24,SAKHO,Stade Rennais FC,184,79,FRA,28.471232876712328,Diafra Sakho,12
Senegal,100,2995e5,27,CAF,16,GK,1985-04-05,KH. NDIAYE,Horoya AC,185,80,GUI,33.19178082191781,Khadim N'Diaye,26
Senegal,100,2995e5,27,CAF,17,MF,1990-10-27,P.A. NDIAYE,Stoke City FC,181,74,ENG,27.63013698630137,Badou Ndiaye,20
Senegal,100,2995e5,27,CAF,18,FW,1998-02-25,ISMAÏLA,Stade Rennais FC,175,70,FRA,20.2986301369863,Ismaïla Sarr,16
Senegal,100,2995e5,27,CAF,19,FW,1994-12-19,NIANG,Torino FC,184,74,ITA,23.484931506849314,M'Baye Niang,7
Senegal,100,2995e5,27,CAF,20,FW,1995-03-08,KEÏTA BALDE,AS Monaco,181,77,FRA,23.268493150684932,Keita Baldé,19
Senegal,100,2995e5,27,CAF,21,DF,1989-10-20,GASSAMA,Adanaspor,181,74,TUR,28.649315068493152,Lamine Gassama,36
Senegal,100,2995e5,27,CAF,22,DF,1998-10-04,M. WAGUE,KAS Eupen,177,70,BEL,19.693150684931506,Moussa Wagué,10
Senegal,100,2995e5,27,CAF,23,GK,1993-09-05,GOMIS,SPAL Ferrara,196,80,ITA,24.77260273972603,Alfred Gomis,1
Poland,82.6,27455e4,8,UEFA,1,GK,1990-04-18,SZCZESNY,Juventus FC,195,84,ITA,28.156164383561645,Wojciech Szczęsny,35
Poland,82.6,27455e4,8,UEFA,2,DF,1987-09-21,PAZDAN,Legia Warsaw,181,78,POL,30.72876712328767,Michał Pazdan,33
Poland,82.6,27455e4,8,UEFA,3,DF,1987-11-04,JEDRZEJCZYK,Legia Warsaw,189,78,POL,30.60821917808219,Artur Jędrzejczyk,36
Poland,82.6,27455e4,8,UEFA,4,DF,1986-04-21,CIONEK,SPAL Ferrara,184,81,ITA,32.14794520547945,Thiago Cionek,19
Poland,82.6,27455e4,8,UEFA,5,DF,1996-04-12,BEDNAREK,Southampton FC,189,77,ENG,22.172602739726027,Jan Bednarek,3
Poland,82.6,27455e4,8,UEFA,6,MF,1992-09-21,GORALSKI,PFC Ludogorets Razgrad,172,66,BUL,25.72876712328767,Jacek Góralski,5
Poland,82.6,27455e4,8,UEFA,7,FW,1994-02-28,MILIK,SSC Napoli,186,81,ITA,24.29041095890411,Arkadiusz Milik,40
Poland,82.6,27455e4,8,UEFA,8,MF,1995-02-02,LINETTY,UC Sampdoria,176,73,ITA,23.361643835616437,Karol Linetty,20
Poland,82.6,27455e4,8,UEFA,9,FW,1988-08-21,LEWANDOWSKI,FC Bayern München,185,79,GER,29.813698630136987,Robert Lewandowski,95
Poland,82.6,27455e4,8,UEFA,10,MF,1990-01-29,KRYCHOWIAK,West Bromwich Albion FC,186,83,ENG,28.372602739726027,Grzegorz Krychowiak,51
Poland,82.6,27455e4,8,UEFA,11,MF,1988-06-08,GROSICKI,Hull City FC,180,78,ENG,30.016438356164382,Kamil Grosicki,57
Poland,82.6,27455e4,8,UEFA,12,GK,1987-07-06,BIALKOWSKI,Ipswich Town FC,194,83,ENG,30.93972602739726,Bartosz Białkowski,1
Poland,82.6,27455e4,8,UEFA,13,MF,1989-08-19,RYBUS,FC Lokomotiv Moscow,173,75,RUS,28.81917808219178,Maciej Rybus,51
Poland,82.6,27455e4,8,UEFA,14,FW,1991-06-03,TEODORCZYK,RSC Anderlecht,185,78,BEL,27.03013698630137,Łukasz Teodorczyk,17
Poland,82.6,27455e4,8,UEFA,15,DF,1988-02-03,GLIK,AS Monaco,190,80,FRA,30.35890410958904,Kamil Glik,57
Poland,82.6,27455e4,8,UEFA,16,MF,1985-12-14,BLASZCZYKOWSKI,VfL Wolfsburg,175,71,GER,32.4986301369863,Jakub Błaszczykowski,99
Poland,82.6,27455e4,8,UEFA,17,MF,1985-02-19,PESZKO,Lechia Gdansk,173,68,POL,33.31506849315068,Sławomir Peszko,43
Poland,82.6,27455e4,8,UEFA,18,DF,1992-07-12,BERESZYNSKI,UC Sampdoria,182,72,ITA,25.923287671232877,Bartosz Bereszyński,8
Poland,82.6,27455e4,8,UEFA,19,MF,1994-05-20,ZIELINSKI,SSC Napoli,177,64,ITA,24.068493150684933,Piotr Zieliński,33
Poland,82.6,27455e4,8,UEFA,20,DF,1985-06-03,PISZCZEK,Borussia Dortmund,184,79,GER,33.03013698630137,Łukasz Piszczek,63
Poland,82.6,27455e4,8,UEFA,21,MF,1993-01-29,KURZAWA,Gornik Zabrze,182,73,POL,25.372602739726027,Rafał Kurzawa,3
Poland,82.6,27455e4,8,UEFA,22,GK,1985-04-18,FABIANSKI,Swansea City AFC,190,83,WAL,33.156164383561645,Łukasz Fabiański,45
Poland,82.6,27455e4,8,UEFA,23,FW,1997-03-14,KOWNACKI,UC Sampdoria,185,75,ITA,21.252054794520546,Dawid Kownacki,2
Serbia,87,27345e4,34,UEFA,1,GK,1983-07-28,STOJKOVIĆ,FK Partizan,195,92,SRB,34.87945205479452,Vladimir Stojković,81
Serbia,87,27345e4,34,UEFA,2,DF,1984-01-26,RUKAVINA,Villarreal CF,177,71,ESP,34.38082191780822,Antonio Rukavina,47
Serbia,87,27345e4,34,UEFA,3,DF,1985-01-19,TOŠIĆ,Besiktas JK,185,79,TUR,33.4,Duško Tošić,24
Serbia,87,27345e4,34,UEFA,4,MF,1991-04-07,MILIVOJEVIĆ,Crystal Palace FC,186,80,ENG,27.186301369863013,Luka Milivojević,28
Serbia,87,27345e4,34,UEFA,5,DF,1993-02-13,SPAJIĆ,RSC Anderlecht,188,82,BEL,25.33150684931507,Uroš Spajić,5
Serbia,87,27345e4,34,UEFA,6,DF,1984-02-22,IVANOVIĆ,FC Zenit St. Petersburg,185,89,RUS,34.30684931506849,Branislav Ivanović,103
Serbia,87,27345e4,34,UEFA,7,MF,1996-07-11,ŽIVKOVIĆ,SL Benfica,169,68,POR,21.926027397260274,Andrija Živković,10
Serbia,87,27345e4,34,UEFA,8,FW,1990-04-21,PRIJOVIĆ,PAOK FC,191,88,GRE,28.147945205479452,Aleksandar Prijović,9
Serbia,87,27345e4,34,UEFA,9,FW,1994-09-16,MITROVIĆ,Fulham FC,189,82,ENG,23.742465753424657,Aleksandar Mitrović,37
Serbia,87,27345e4,34,UEFA,10,MF,1988-11-20,TADIĆ,Southampton FC,181,76,ENG,29.564383561643837,Dušan Tadić,53
Serbia,87,27345e4,34,UEFA,11,DF,1985-11-10,KOLAROV,AS Roma,187,83,ITA,32.59178082191781,Aleksandar Kolarov,76
Serbia,87,27345e4,34,UEFA,12,GK,1995-10-31,RAJKOVIĆ,Maccabi Tel-Aviv FC,191,85,ISR,22.61917808219178,Predrag Rajković,8
Serbia,87,27345e4,34,UEFA,13,DF,1995-09-26,VELJKOVIĆ,SV Werder Bremen,188,77,GER,22.715068493150685,Miloš Veljković,2
Serbia,87,27345e4,34,UEFA,14,DF,1991-04-02,RODIĆ,FK Crvena Zvezda,185,69,SRB,27.2,Milan Rodić,1
Serbia,87,27345e4,34,UEFA,15,DF,1997-10-12,MILENKOVIĆ,ACF Fiorentina,195,90,ITA,20.671232876712327,Nikola Milenković,3
Serbia,87,27345e4,34,UEFA,16,MF,1996-04-13,GRUJIĆ,Cardiff City FC,190,82,WAL,22.16986301369863,Marko Grujić,8
Serbia,87,27345e4,34,UEFA,17,MF,1992-11-01,KOSTIĆ,Hamburger SV,184,82,GER,25.616438356164384,Filip Kostić,23
Serbia,87,27345e4,34,UEFA,18,FW,1996-02-15,RADONJIĆ,FK Crvena Zvezda,185,76,SRB,22.326027397260273,Nemanja Radonjić,3
Serbia,87,27345e4,34,UEFA,19,FW,1997-12-23,JOVIĆ,Eintracht Frankfurt,181,75,GER,20.473972602739725,Luka Jović,1
Serbia,87,27345e4,34,UEFA,20,MF,1995-02-27,SERGEJ,SS Lazio,192,76,ITA,23.293150684931508,Sergej Milinković-Savić,4
Serbia,87,27345e4,34,UEFA,21,MF,1988-08-01,MATIĆ,Manchester United FC,194,86,ENG,29.86849315068493,Nemanja Matić,40
Serbia,87,27345e4,34,UEFA,22,MF,1991-09-29,LJAJIĆ,Torino FC,182,74,ITA,26.706849315068492,Adem Ljajić,29
Serbia,87,27345e4,34,UEFA,23,GK,1992-01-24,DMITROVIĆ,SD Eibar,194,90,ESP,26.386301369863013,Marko Dmitrović,2
Denmark,87,2593e5,12,UEFA,1,GK,1986-11-05,SCHMEICHEL,Leicester City FC,190,92,ENG,31.605479452054794,Kasper Schmeichel,35
Denmark,87,2593e5,12,UEFA,2,MF,1983-06-06,KROHN-DEHLI,Deportivo La Coruña,171,69,ESP,35.02191780821918,Michael Krohn-Dehli,59
Denmark,87,2593e5,12,UEFA,3,DF,1992-08-03,VESTERGAARD,VfL Borussia Mönchengladbach,200,98,GER,25.863013698630137,Jannik Vestergaard,16
Denmark,87,2593e5,12,UEFA,4,DF,1989-03-26,KJÆR,Sevilla FC,191,84,ESP,29.21917808219178,Simon Kjær,78
Denmark,87,2593e5,12,UEFA,5,DF,1992-09-16,KNUDSEN,Ipswich Town FC,187,82,ENG,25.742465753424657,Jonas Knudsen,3
Denmark,87,2593e5,12,UEFA,6,DF,1996-04-10,CHRISTENSEN,Chelsea FC,192,85,ENG,22.17808219178082,Andreas Christensen,16
Denmark,87,2593e5,12,UEFA,7,MF,1985-02-24,KVIST,FC Kobenhavn,185,80,DEN,33.3013698630137,William Kvist,80
Denmark,87,2593e5,12,UEFA,8,MF,1991-09-03,DELANEY,SV Werder Bremen,180,78,GER,26.778082191780822,Thomas Delaney,27
Denmark,87,2593e5,12,UEFA,9,FW,1991-01-15,N. JØRGENSEN,Feyenoord Rotterdam,194,86,NED,27.410958904109588,Nicolai Jørgensen,31
Denmark,87,2593e5,12,UEFA,10,MF,1992-02-14,ERIKSEN,Tottenham Hotspur FC,181,76,ENG,26.328767123287673,Christian Eriksen,78
Denmark,87,2593e5,12,UEFA,11,FW,1991-06-05,BRAITHWAITE,FC Girondins Bordeaux,180,73,FRA,27.024657534246575,Martin Braithwaite,20
Denmark,87,2593e5,12,UEFA,12,FW,1997-10-06,DOLBERG,AFC Ajax,187,85,NED,20.687671232876713,Kasper Dolberg,6
Denmark,87,2593e5,12,UEFA,13,DF,1990-04-23,M. JØRGENSEN,Huddersfield Town FC,191,85,ENG,28.14246575342466,Mathias Jørgensen,12
Denmark,87,2593e5,12,UEFA,14,DF,1989-07-27,DALSGAARD,Brentford FC,190,81,ENG,28.882191780821916,Henrik Dalsgaard,11
Denmark,87,2593e5,12,UEFA,15,FW,1994-06-09,FISCHER,FC Kobenhavn,181,80,DEN,24.013698630136986,Viktor Fischer,19
Denmark,87,2593e5,12,UEFA,16,GK,1989-02-01,LÖSSL,Huddersfield Town FC,195,90,ENG,29.364383561643837,Jonas Lössl,1
Denmark,87,2593e5,12,UEFA,17,DF,1991-02-21,STRYGER,Udinese Calcio,182,82,ITA,27.30958904109589,Jens Stryger Larsen,13
Denmark,87,2593e5,12,UEFA,18,MF,1993-07-12,LERAGER,FC Girondins Bordeaux,186,85,FRA,24.923287671232877,Lukas Lerager,4
Denmark,87,2593e5,12,UEFA,19,MF,1986-05-27,SCHÖNE,AFC Ajax,178,80,NED,32.04931506849315,Lasse Schöne,36
Denmark,87,2593e5,12,UEFA,20,FW,1994-06-15,YURARY,RB Leipzig,193,84,GER,23.997260273972604,Yussuf Poulsen,28
Denmark,87,2593e5,12,UEFA,21,FW,1993-03-16,CORNELIUS,Atalanta Bergamo,195,91,ITA,25.246575342465754,Andreas Cornelius,18
Denmark,87,2593e5,12,UEFA,22,GK,1992-08-04,RØNNOW,Brondby IF,190,85,DEN,25.86027397260274,Frederik Rønnow,6
Denmark,87,2593e5,12,UEFA,23,FW,1995-02-04,SISTO,Celta Vigo,173,69,ESP,23.356164383561644,Pione Sisto,14
Colombia,87,2511e5,16,CONMEBOL,1,GK,1988-08-31,OSPINA,Arsenal FC,183,80,ENG,29.786301369863015,David Ospina,86
Colombia,87,2511e5,16,CONMEBOL,2,DF,1986-09-30,C. ZAPATA,AC Milan,187,82,ITA,31.704109589041096,Cristián Zapata,55
Colombia,87,2511e5,16,CONMEBOL,3,DF,1988-04-18,O. MURILLO,CF Pachuca,184,80,MEX,30.156164383561645,Óscar Murillo,13
Colombia,87,2511e5,16,CONMEBOL,4,DF,1992-01-13,ARIAS,PSV Eindhoven,177,71,NED,26.416438356164385,Santiago Arias,41
Colombia,87,2511e5,16,CONMEBOL,5,MF,1993-10-16,BARRIOS,CA Boca Juniors,178,74,ARG,24.660273972602738,Wílmar Barrios,10
Colombia,87,2511e5,16,CONMEBOL,6,MF,1986-02-06,C. SANCHEZ,RCD Espanyol,182,82,ESP,32.35068493150685,Carlos Sánchez,85
Colombia,87,2511e5,16,CONMEBOL,7,FW,1986-09-08,BACCA,Villarreal CF,181,77,ESP,31.764383561643836,Carlos Bacca,45
Colombia,87,2511e5,16,CONMEBOL,8,MF,1985-01-06,AGUILAR T.,AC Deportivo Cali,185,82,COL,33.43561643835616,Abel Aguilar,70
Colombia,87,2511e5,16,CONMEBOL,9,FW,1986-02-10,FALCAO,AS Monaco,177,72,FRA,32.33972602739726,Radamel Falcao,73
Colombia,87,2511e5,16,CONMEBOL,10,MF,1991-07-12,JAMES,FC Bayern München,180,75,GER,26.923287671232877,James Rodríguez,63
Colombia,87,2511e5,16,CONMEBOL,11,MF,1988-05-26,CUADRADO,Juventus FC,179,72,ITA,30.052054794520547,Juan Cuadrado,70
Colombia,87,2511e5,16,CONMEBOL,12,GK,1989-03-09,C. VARGAS,AC Deportivo Cali,185,80,COL,29.265753424657536,Camilo Vargas,5
Colombia,87,2511e5,16,CONMEBOL,13,DF,1994-09-23,Y. MINA,FC Barcelona,194,95,ESP,23.723287671232878,Yerry Mina,12
Colombia,87,2511e5,16,CONMEBOL,14,FW,1991-04-16,L. MURIEL,Sevilla FC,178,79,ESP,27.161643835616438,Luis Muriel,18
Colombia,87,2511e5,16,CONMEBOL,15,MF,1991-03-21,M. URIBE,Club América,182,71,MEX,27.232876712328768,Mateus Uribe,8
Colombia,87,2511e5,16,CONMEBOL,16,MF,1994-10-25,J. LERMA,Levante UD,179,70,ESP,23.635616438356166,Jefferson Lerma,5
Colombia,87,2511e5,16,CONMEBOL,17,DF,1992-08-21,J. MOJICA,Girona FC,185,66,ESP,25.813698630136987,Johan Mojica,4
Colombia,87,2511e5,16,CONMEBOL,18,DF,1991-02-22,FABRA,CA Boca Juniors,172,72,ARG,27.306849315068494,Farid Díaz,13
Colombia,87,2511e5,16,CONMEBOL,19,FW,1993-01-26,M. BORJA,SE Palmeiras,183,74,BRA,25.38082191780822,Miguel Borja,7
Colombia,87,2511e5,16,CONMEBOL,20,MF,1993-01-18,J. QUINTERO,CA River Plate,169,64,ARG,25.4027397260274,Juan Fernando Quintero,15
Colombia,87,2511e5,16,CONMEBOL,21,FW,1992-07-07,IZQUIERDO,Brighton & Hove Albion FC,171,73,ENG,25.936986301369863,José Izquierdo,5
Colombia,87,2511e5,16,CONMEBOL,22,GK,1985-06-01,J.F. CUADRADO,CD Once Caldas,180,80,COL,33.035616438356165,José Fernando Cuadrado,1
Colombia,87,2511e5,16,CONMEBOL,23,DF,1996-06-12,D. SANCHEZ,Tottenham Hotspur FC,187,81,ENG,22.005479452054793,Dávinson Sánchez,9
Switzerland,95.7,2181e5,6,UEFA,1,GK,1988-12-17,SOMMER,VfL Borussia Mönchengladbach,183,81,GER,29.49041095890411,Yann Sommer,35
Switzerland,95.7,2181e5,6,UEFA,2,DF,1984-01-16,LICHTSTEINER,Juventus FC,181,77,ITA,34.40821917808219,Stephan Lichtsteiner,100
Switzerland,95.7,2181e5,6,UEFA,3,DF,1990-06-21,MOUBANDJE,Toulouse FC,180,76,FRA,27.980821917808218,François Moubandje,18
Switzerland,95.7,2181e5,6,UEFA,4,DF,1996-09-30,ELVEDI,VfL Borussia Mönchengladbach,187,77,GER,21.704109589041096,Nico Elvedi,6
Switzerland,95.7,2181e5,6,UEFA,5,DF,1995-07-19,AKANJI,Borussia Dortmund,186,85,GER,22.904109589041095,Manuel Akanji,7
Switzerland,95.7,2181e5,6,UEFA,6,DF,1991-02-08,LANG,FC Basel,185,78,SUI,27.345205479452055,Michael Lang,24
Switzerland,95.7,2181e5,6,UEFA,7,FW,1997-02-14,EMBOLO,FC Schalke 04,184,86,GER,21.328767123287673,Breel Embolo,25
Switzerland,95.7,2181e5,6,UEFA,8,MF,1992-04-15,FREULER,Atalanta Bergamo,181,75,ITA,26.164383561643834,Remo Freuler,10
Switzerland,95.7,2181e5,6,UEFA,9,FW,1992-02-22,SEFEROVIC,SL Benfica,186,88,POR,26.306849315068494,Haris Seferović,51
Switzerland,95.7,2181e5,6,UEFA,10,MF,1992-09-27,XHAKA,Arsenal FC,183,82,ENG,25.71232876712329,Granit Xhaka,62
Switzerland,95.7,2181e5,6,UEFA,11,MF,1985-04-19,BEHRAMI,Udinese Calcio,184,78,ITA,33.153424657534245,Valon Behrami,79
Switzerland,95.7,2181e5,6,UEFA,12,GK,1994-06-06,MVOGO,RB Leipzig,186,84,GER,24.02191780821918,Yvon Mvogo,0
Switzerland,95.7,2181e5,6,UEFA,13,DF,1992-08-25,RODRIGUEZ,AC Milan,180,79,ITA,25.802739726027397,Ricardo Rodríguez,53
Switzerland,95.7,2181e5,6,UEFA,14,MF,1991-08-17,ZUBER,TSG 1899 Hoffenheim,182,79,GER,26.824657534246576,Steven Zuber,12
Switzerland,95.7,2181e5,6,UEFA,15,MF,1986-04-12,DZEMAILI,Bologna FC,180,77,ITA,32.172602739726024,Blerim Džemaili,65
Switzerland,95.7,2181e5,6,UEFA,16,MF,1986-09-02,G. FERNANDES,Eintracht Frankfurt,180,72,GER,31.78082191780822,Gelson Fernandes,67
Switzerland,95.7,2181e5,6,UEFA,17,MF,1996-11-20,ZAKARIA,VfL Borussia Mönchengladbach,189,77,GER,21.564383561643837,Denis Zakaria,10
Switzerland,95.7,2181e5,6,UEFA,18,FW,1989-11-24,GAVRANOVIC,GNK Dinamo Zagreb,175,75,CRO,28.553424657534247,Mario Gavranović,14
Switzerland,95.7,2181e5,6,UEFA,19,FW,1992-08-08,DRMIC,VfL Borussia Mönchengladbach,184,78,GER,25.84931506849315,Josip Drmić,29
Switzerland,95.7,2181e5,6,UEFA,20,DF,1987-01-18,DJOUROU,Antalyaspor AS,192,90,TUR,31.4027397260274,Johan Djourou,74
Switzerland,95.7,2181e5,6,UEFA,21,GK,1990-11-14,BÜRKI,Borussia Dortmund,188,83,GER,27.58082191780822,Roman Bürki,9
Switzerland,95.7,2181e5,6,UEFA,22,DF,1991-12-20,SCHÄR,Deportivo La Coruña,186,83,ESP,26.482191780821918,Fabian Schär,39
Switzerland,95.7,2181e5,6,UEFA,23,MF,1991-10-10,SHAQIRI,Stoke City FC,165,78,ENG,26.676712328767124,Xherdan Shaqiri,70
Egypt,65.2,19723e4,45,CAF,1,GK,1973-01-15,ELHADARY,Al Taawoun FC,190,90,KSA,45.41095890410959,Essam El-Hadary,158
Egypt,65.2,19723e4,45,CAF,2,DF,1989-01-01,ALI GABR,West Bromwich Albion FC,191,88,ENG,29.44931506849315,Ali Gabr,21
Egypt,65.2,19723e4,45,CAF,3,DF,1987-09-09,ELMOHAMADY,Aston Villa FC,183,76,ENG,30.76164383561644,Ahmed Elmohamady,78
Egypt,65.2,19723e4,45,CAF,4,MF,1992-01-30,O. GABER,Los Angeles FC,175,71,USA,26.36986301369863,Omar Gaber,24
Egypt,65.2,19723e4,45,CAF,5,MF,1991-09-10,MORSY,Wigan Athletic FC,173,75,ENG,26.75890410958904,Sam Morsy,5
Egypt,65.2,19723e4,45,CAF,6,DF,1991-01-25,A. HEGAZY,West Bromwich Albion FC,194,95,ENG,27.383561643835616,Ahmed Hegazi,45
Egypt,65.2,19723e4,45,CAF,7,DF,1984-11-10,A. FATHI,Al Ahly SC,176,76,EGY,33.59178082191781,Ahmed Fathy,126
Egypt,65.2,19723e4,45,CAF,8,MF,1988-10-24,TAREK HAMED,Zamalek,169,67,EGY,29.638356164383563,Tarek Hamed,21
Egypt,65.2,19723e4,45,CAF,9,FW,1989-02-26,MARWAN,Al Ahly SC,185,81,EGY,29.295890410958904,Marwan Mohsen,24
Egypt,65.2,19723e4,45,CAF,10,FW,1992-06-15,M SALAH,Liverpool FC,175,71,ENG,25.997260273972604,Mohamed Salah,57
Egypt,65.2,19723e4,45,CAF,11,FW,1994-04-13,M. KAHRABA,Al-Ittihad FC,182,76,KSA,24.16986301369863,Kahraba,19
Egypt,65.2,19723e4,45,CAF,12,DF,1991-04-09,A. ASHRAF,Al Ahly SC,176,73,EGY,27.18082191780822,Ayman Ashraf,4
Egypt,65.2,19723e4,45,CAF,13,DF,1985-07-01,ABDELSHAFY,Al Fateh FC,171,72,KSA,32.95342465753425,Mohamed Abdel-Shafy,51
Egypt,65.2,19723e4,45,CAF,14,FW,1997-01-23,RAMADAN,Stoke City FC,183,77,ENG,21.389041095890413,Ramadan Sobhi,23
Egypt,65.2,19723e4,45,CAF,15,DF,1995-06-01,M. HAMDY,Zamalek,173,72,EGY,23.035616438356165,Mahmoud Hamdy,0
Egypt,65.2,19723e4,45,CAF,16,GK,1983-07-10,EKRAMY,Al Ahly SC,193,93,EGY,34.92876712328767,Sherif Ekramy,22
Egypt,65.2,19723e4,45,CAF,17,MF,1992-07-11,M. ELNENY,Arsenal FC,181,74,ENG,25.926027397260274,Mohamed Elneny,61
Egypt,65.2,19723e4,45,CAF,18,FW,1986-03-05,SHIKABALA,Al Raed SC,183,80,KSA,32.276712328767125,Shikabala,29
Egypt,65.2,19723e4,45,CAF,19,MF,1985-07-13,ABDALLA,Kuopion PS,176,75,FIN,32.92054794520548,Abdallah Said,36
Egypt,65.2,19723e4,45,CAF,20,DF,1989-04-01,S. SAMIR,Al Ahly SC,183,82,EGY,29.202739726027396,Saad Samir,11
Egypt,65.2,19723e4,45,CAF,21,MF,1994-10-01,M. TREZEGUET,Kasimpasa SK,181,77,TUR,23.7013698630137,Trézéguet,24
Egypt,65.2,19723e4,45,CAF,22,FW,1993-09-17,WARDA,Atromitos FC,179,77,GRE,24.73972602739726,Amr Warda,16
Egypt,65.2,19723e4,45,CAF,23,GK,1988-12-18,M. ELSHENAWY,Al Ahly SC,191,86,EGY,29.487671232876714,Mohamed El-Shenawy,3
Russia,8.7,16183e4,70,UEFA,1,GK,1986-04-08,AKINFEEV,CSKA Moscow,185,83,RUS,32.18356164383562,Igor Akinfeev,106
Russia,8.7,16183e4,70,UEFA,2,DF,1990-09-19,FERNANDES,CSKA Moscow,187,79,RUS,27.734246575342464,Mário Fernandes,5
Russia,8.7,16183e4,70,UEFA,3,DF,1993-07-29,KUTEPOV,FC Spartak Moscow,190,82,RUS,24.876712328767123,Ilya Kutepov,7
Russia,8.7,16183e4,70,UEFA,4,DF,1979-07-14,IGNASHEVICH,CSKA Moscow,186,84,RUS,38.917808219178085,Sergei Ignashevich,122
Russia,8.7,16183e4,70,UEFA,5,DF,1989-03-24,SEMENOV,FC Akhmat Grozny,191,87,RUS,29.224657534246575,Andrei Semyonov,6
Russia,8.7,16183e4,70,UEFA,6,MF,1990-12-26,CHERYSHEV,Villarreal CF,173,68,ESP,27.465753424657535,Denis Cheryshev,11
Russia,8.7,16183e4,70,UEFA,7,MF,1993-01-15,KUZIAEV,FC Zenit St. Petersburg,182,74,RUS,25.410958904109588,Daler Kuzyayev,6
Russia,8.7,16183e4,70,UEFA,8,MF,1989-07-20,GAZINSKII,FC Krasnodar,180,75,RUS,28.9013698630137,Yury Gazinsky,6
Russia,8.7,16183e4,70,UEFA,9,MF,1990-06-17,DZAGOEV,CSKA Moscow,178,73,RUS,27.991780821917807,Alan Dzagoev,57
Russia,8.7,16183e4,70,UEFA,10,FW,1990-02-09,SMOLOV,FC Krasnodar,185,79,RUS,28.34246575342466,Fyodor Smolov,32
Russia,8.7,16183e4,70,UEFA,11,MF,1994-02-11,ZOBNIN,FC Spartak Moscow,185,77,RUS,24.336986301369862,Roman Zobnin,12
Russia,8.7,16183e4,70,UEFA,12,GK,1991-11-13,LUNEV,FC Zenit St. Petersburg,189,80,RUS,26.583561643835615,Andrey Lunyov,3
Russia,8.7,16183e4,70,UEFA,13,DF,1987-04-05,KUDRIASHOV,FC Rubin Kazan,187,78,RUS,31.19178082191781,Fyodor Kudryashov,19
Russia,8.7,16183e4,70,UEFA,14,DF,1987-05-22,GRANAT,FC Rubin Kazan,184,80,RUS,31.063013698630137,Vladimir Granat,12
Russia,8.7,16183e4,70,UEFA,15,MF,1995-10-17,MIRANCHUK AL.,FC Lokomotiv Moscow,185,77,RUS,22.65753424657534,Aleksei Miranchuk,18
Russia,8.7,16183e4,70,UEFA,16,MF,1995-10-17,MIRANCHUK AN.,FC Lokomotiv Moscow,182,67,RUS,22.65753424657534,Anton Miranchuk,6
Russia,8.7,16183e4,70,UEFA,17,MF,1996-05-30,GOLOVIN,CSKA Moscow,178,70,RUS,22.041095890410958,Aleksandr Golovin,19
Russia,8.7,16183e4,70,UEFA,18,MF,1983-08-20,ZHIRKOV,FC Zenit St. Petersburg,180,76,RUS,34.81643835616438,Yuri Zhirkov,84
Russia,8.7,16183e4,70,UEFA,19,MF,1984-07-19,SAMEDOV,FC Spartak Moscow,178,74,RUS,33.9041095890411,Aleksandr Samedov,48
Russia,8.7,16183e4,70,UEFA,20,GK,1983-10-19,GABULOV,Club Brugge KV,190,81,BEL,34.652054794520545,Vladimir Gabulov,10
Russia,8.7,16183e4,70,UEFA,21,MF,1989-10-13,EROKHIN,FC Zenit St. Petersburg,191,79,RUS,28.66849315068493,Aleksandr Yerokhin,17
Russia,8.7,16183e4,70,UEFA,22,FW,1988-08-22,DZYUBA,FC Arsenal Tula,196,90,RUS,29.81095890410959,Artem Dzyuba,23
Russia,8.7,16183e4,70,UEFA,23,DF,1988-08-08,SMOLNIKOV,FC Zenit St. Petersburg,179,72,RUS,29.84931506849315,Igor Smolnikov,27
Mexico,60.9,1546e5,15,CONCACAF,1,GK,1981-01-26,J. CORONA,Cruz Azul,182,80,MEX,37.38082191780822,José de Jesús Corona,52
Mexico,60.9,1546e5,15,CONCACAF,2,DF,1987-03-31,H. AYALA,Tigres UANL,188,82,MEX,31.205479452054796,Hugo Ayala,43
Mexico,60.9,1546e5,15,CONCACAF,3,DF,1993-09-29,C. SALCEDO,Eintracht Frankfurt,189,83,GER,24.706849315068492,Carlos Salcedo,21
Mexico,60.9,1546e5,15,CONCACAF,4,DF,1979-02-13,R. MÁRQUEZ,CF Atlas,184,77,MEX,39.33150684931507,Rafael Márquez,145
Mexico,60.9,1546e5,15,CONCACAF,5,DF,1992-09-19,D. REYES,FC Porto,190,77,POR,25.734246575342464,Érick Gutiérrez,9
Mexico,60.9,1546e5,15,CONCACAF,6,MF,1990-04-26,J. DOS SANTOS,LA Galaxy,173,69,USA,28.134246575342466,Jonathan dos Santos,32
Mexico,60.9,1546e5,15,CONCACAF,7,MF,1988-06-25,M. LAYÚN,Sevilla FC,180,72,ESP,29.96986301369863,Miguel Layún,64
Mexico,60.9,1546e5,15,CONCACAF,8,FW,1989-07-21,M. FABIÁN,Eintracht Frankfurt,171,70,GER,28.898630136986302,Marco Fabián,39
Mexico,60.9,1546e5,15,CONCACAF,9,FW,1991-05-05,RAÚL,SL Benfica,188,79,POR,27.10958904109589,Raúl Jiménez,63
Mexico,60.9,1546e5,15,CONCACAF,10,MF,1989-05-11,G. DOS SANTOS,LA Galaxy,178,70,USA,29.09315068493151,Giovani dos Santos,105
Mexico,60.9,1546e5,15,CONCACAF,11,FW,1989-03-01,CARLOS V,Los Angeles FC,178,78,USA,29.28767123287671,Carlos Vela,68
Mexico,60.9,1546e5,15,CONCACAF,12,GK,1982-09-18,A. TALAVERA,Deportivo Toluca FC,188,84,MEX,35.73698630136986,Alfredo Talavera,27
Mexico,60.9,1546e5,15,CONCACAF,13,GK,1985-07-13,G. OCHOA,Standard Liège,185,76,BEL,32.92054794520548,Guillermo Ochoa,94
Mexico,60.9,1546e5,15,CONCACAF,14,FW,1988-06-01,J. HERNÁNDEZ,West Ham United FC,175,71,ENG,30.035616438356165,Javier Hernández,102
Mexico,60.9,1546e5,15,CONCACAF,15,DF,1988-01-17,H. MORENO,Real Sociedad,182,82,ESP,30.405479452054795,Héctor Moreno,92
Mexico,60.9,1546e5,15,CONCACAF,16,DF,1990-04-19,H. HERRERA,FC Porto,180,79,POR,28.153424657534245,Héctor Herrera,66
Mexico,60.9,1546e5,15,CONCACAF,17,MF,1993-01-06,JESÚS C.,FC Porto,174,69,POR,25.435616438356163,Jesús Manuel Corona,36
Mexico,60.9,1546e5,15,CONCACAF,18,MF,1986-09-28,A. GUARDADO,Real Betis,167,63,ESP,31.70958904109589,Andrés Guardado,145
Mexico,60.9,1546e5,15,CONCACAF,19,FW,1984-01-12,O. PERALTA,Club América,178,72,MEX,34.41917808219178,Oribe Peralta,67
Mexico,60.9,1546e5,15,CONCACAF,20,MF,1990-02-11,J. AQUINO,Tigres UANL,166,59,MEX,28.336986301369862,Javier Aquino,53
Mexico,60.9,1546e5,15,CONCACAF,21,DF,1997-10-24,E. ÁLVAREZ,Club América,186,72,MEX,20.638356164383563,Edson Álvarez,13
Mexico,60.9,1546e5,15,CONCACAF,22,FW,1995-07-30,H. LOZANO,PSV Eindhoven,176,66,NED,22.873972602739727,Hirving Lozano,28
Mexico,60.9,1546e5,15,CONCACAF,23,MF,1994-08-15,J. GALLARDO,Pumas UNAM,177,74,MEX,23.83013698630137,Jesús Gallardo,23
Nigeria,95.7,134850000.00000003,48,CAF,1,GK,1988-10-16,EZENWA,Enyimba FC,181,80,NGA,29.660273972602738,Ikechukwu Ezenwa,24
Nigeria,95.7,134850000.00000003,48,CAF,2,DF,1992-05-18,IDOWU,FK Amkar Perm,179,75,RUS,26.073972602739726,Brian Idowu,5
Nigeria,95.7,134850000.00000003,48,CAF,3,DF,1988-01-20,ECHIEJILE,Cercle Brugge,185,82,BEL,30.397260273972602,Elderson Echiéjilé,62
Nigeria,95.7,134850000.00000003,48,CAF,4,MF,1996-12-16,NDIDI,Leicester City FC,184,73,ENG,21.493150684931507,Wilfred Ndidi,17
Nigeria,95.7,134850000.00000003,48,CAF,5,DF,1993-09-01,EKONG,Bursaspor,191,85,TUR,24.783561643835615,William Troost-Ekong,22
Nigeria,95.7,134850000.00000003,48,CAF,6,DF,1988-06-28,BALOGUN,FSV Mainz 05,190,89,GER,29.96164383561644,Leon Balogun,19
Nigeria,95.7,134850000.00000003,48,CAF,7,FW,1992-10-14,MUSA,CSKA Moscow,173,65,RUS,25.665753424657535,Ahmed Musa,72
Nigeria,95.7,134850000.00000003,48,CAF,8,MF,1995-11-09,ETEBO,UD Las Palmas,174,74,ESP,22.594520547945205,Oghenekaro Etebo,14
Nigeria,95.7,134850000.00000003,48,CAF,9,FW,1989-06-16,IGHALO,Changchun Yatai,188,83,CHN,28.994520547945207,Odion Ighalo,19
Nigeria,95.7,134850000.00000003,48,CAF,10,MF,1987-04-22,MIKEL,Tianjin Teda,188,82,CHN,31.145205479452056,John Obi Mikel,85
Nigeria,95.7,134850000.00000003,48,CAF,11,FW,1990-12-12,MOSES,Chelsea FC,177,75,ENG,27.504109589041096,Victor Moses,34
Nigeria,95.7,134850000.00000003,48,CAF,12,DF,1993-03-12,SHEHU,Bursaspor,182,75,TUR,25.257534246575343,Shehu Abdullahi,25
Nigeria,95.7,134850000.00000003,48,CAF,13,FW,1992-05-07,NWANKWO,FC Crotone,197,89,ITA,26.104109589041094,Simeon Nwankwo,2
Nigeria,95.7,134850000.00000003,48,CAF,14,FW,1996-03-10,IHEANACHO,Leicester City FC,183,80,ENG,22.263013698630136,Kelechi Iheanacho,18
Nigeria,95.7,134850000.00000003,48,CAF,15,MF,1991-05-22,OBI,Torino FC,177,77,ITA,27.063013698630137,Joel Obi,17
Nigeria,95.7,134850000.00000003,48,CAF,16,GK,1986-03-08,AKPEYI,Chippa United FC,187,94,RSA,32.26849315068493,Daniel Akpeyi,7
Nigeria,95.7,134850000.00000003,48,CAF,17,MF,1992-12-25,ONAZI,Trabzonspor,172,74,TUR,25.46849315068493,Ogenyi Onazi,52
Nigeria,95.7,134850000.00000003,48,CAF,18,FW,1996-05-03,IWOBI,Arsenal FC,185,86,ENG,22.115068493150684,Alex Iwobi,19
Nigeria,95.7,134850000.00000003,48,CAF,19,MF,1988-04-20,OGU,Hapoel Be'er Sheva FC,191,90,ISR,30.15068493150685,John Ogu,20
Nigeria,95.7,134850000.00000003,48,CAF,20,DF,1997-01-01,AWAZIEM,FC Nantes,192,76,FRA,21.44931506849315,Chidozie Awaziem,4
Nigeria,95.7,134850000.00000003,48,CAF,21,DF,1995-12-16,EBUEHI,ADO Den Haag,187,74,NED,22.493150684931507,Tyronne Ebuehi,7
Nigeria,95.7,134850000.00000003,48,CAF,22,DF,1993-10-17,OMERUO,Kasimpasa SK,185,82,TUR,24.65753424657534,Kenneth Omeruo,39
Nigeria,95.7,134850000.00000003,48,CAF,23,GK,1998-10-28,UZOHO,Deportivo La Coruña,196,91,ESP,19.627397260273973,Francis Uzoho,6
Morocco,91.3,129450000.00000001,41,CAF,1,GK,1991-04-05,BOUNOU,Girona FC,190,77,ESP,27.19178082191781,Yassine Bounou,11
Morocco,91.3,129450000.00000001,41,CAF,2,DF,1998-11-04,HAKIMI,Real Madrid CF,179,65,ESP,19.60821917808219,Achraf Hakimi,10
Morocco,91.3,129450000.00000001,41,CAF,3,DF,1997-10-21,MENDYL,Lille OSC,179,70,FRA,20.646575342465752,Hamza Mendyl,13
Morocco,91.3,129450000.00000001,41,CAF,4,DF,1986-05-06,DA COSTA,Istanbul Başakşehir FK,187,78,TUR,32.106849315068494,Manuel da Costa,28
Morocco,91.3,129450000.00000001,41,CAF,5,DF,1987-04-17,BENATIA,Juventus FC,188,88,ITA,31.15890410958904,Medhi Benatia,57
Morocco,91.3,129450000.00000001,41,CAF,6,DF,1990-03-26,SAISS,Wolverhampton Wanderers FC,190,76,ENG,28.21917808219178,Romain Saïss,24
Morocco,91.3,129450000.00000001,41,CAF,7,MF,1993-03-19,ZIYACH,AFC Ajax,180,70,NED,25.23835616438356,Hakim Ziyech,18
Morocco,91.3,129450000.00000001,41,CAF,8,MF,1985-01-27,EL AHMADI,Feyenoord Rotterdam,179,78,NED,33.37808219178082,Karim El Ahmadi,51
Morocco,91.3,129450000.00000001,41,CAF,9,FW,1993-06-25,EL KAABI,RS Berkane,182,72,MAR,24.96986301369863,Ayoub El Kaabi,10
Morocco,91.3,129450000.00000001,41,CAF,10,MF,1990-02-25,BELHANDA,Galatasaray SK,174,75,TUR,28.2986301369863,Younès Belhanda,47
Morocco,91.3,129450000.00000001,41,CAF,11,MF,1988-08-01,FAJR,Getafe CF,178,72,ESP,29.86849315068493,Fayçal Fajr,23
Morocco,91.3,129450000.00000001,41,CAF,12,GK,1989-05-10,EL KAJOUI,CD Numancia,190,88,ESP,29.095890410958905,Munir Mohamedi,27
Morocco,91.3,129450000.00000001,41,CAF,13,FW,1987-04-24,BOUTAIB,Yeni Malatyaspor,190,80,TUR,31.13972602739726,Khalid Boutaïb,18
Morocco,91.3,129450000.00000001,41,CAF,14,MF,1984-08-15,BOUSSOUFA,Al Jazira,167,59,UAE,33.83013698630137,Mbark Boussoufa,59
Morocco,91.3,129450000.00000001,41,CAF,15,MF,1996-07-07,AIT BENNASSER,SM Caen,184,75,FRA,21.936986301369863,Youssef Aït Bennasser,14
Morocco,91.3,129450000.00000001,41,CAF,16,MF,1987-03-31,N. AMRABAT,CD Leganés,178,77,ESP,31.205479452054796,Nordin Amrabat,44
Morocco,91.3,129450000.00000001,41,CAF,17,DF,1986-02-25,DIRAR,Fenerbahce SK,187,82,TUR,32.298630136986304,Nabil Dirar,34
Morocco,91.3,129450000.00000001,41,CAF,18,MF,1997-06-18,HARIT,FC Schalke 04,179,66,GER,20.98904109589041,Amine Harit,6
Morocco,91.3,129450000.00000001,41,CAF,19,FW,1997-06-01,EN-NESYRI,Malaga CF,188,75,ESP,21.035616438356165,Youssef En-Nesyri,16
Morocco,91.3,129450000.00000001,41,CAF,20,FW,1987-03-30,BOUHADDOUZ,FC St. Pauli,188,80,GER,31.208219178082192,Aziz Bouhaddouz,15
Morocco,91.3,129450000.00000001,41,CAF,21,MF,1996-08-21,S. AMRABAT,Feyenoord Rotterdam,183,77,NED,21.813698630136987,Sofyan Amrabat,6
Morocco,91.3,129450000.00000001,41,CAF,22,GK,1996-04-05,TAGNAOUTI,IRT Tanger,186,70,MAR,22.19178082191781,Ahmed Reda Tagnaouti,2
Morocco,91.3,129450000.00000001,41,CAF,23,MF,1989-07-01,CARCELA,Standard Liège,176,67,BEL,28.953424657534246,Mehdi Carcela,20
Sweden,100,11975e4,24,UEFA,1,GK,1990-01-08,OLSEN,FC Kobenhavn,198,89,DEN,28.43013698630137,Robin Olsen,18
Sweden,100,11975e4,24,UEFA,2,DF,1986-12-13,LUSTIG,Celtic FC,189,77,SCO,31.5013698630137,Mikael Lustig,66
Sweden,100,11975e4,24,UEFA,3,DF,1994-07-17,LINDELÖF,Manchester United FC,187,81,ENG,23.90958904109589,Victor Lindelöf,21
Sweden,100,11975e4,24,UEFA,4,DF,1985-04-16,GRANQVIST,FC Krasnodar,192,84,RUS,33.16164383561644,Andreas Granqvist,72
Sweden,100,11975e4,24,UEFA,5,DF,1988-05-17,OLSSON,Swansea City AFC,177,81,WAL,30.076712328767123,Martin Olsson,43
Sweden,100,11975e4,24,UEFA,6,DF,1994-04-21,AUGUSTINSSON,SV Werder Bremen,181,76,GER,24.147945205479452,Ludwig Augustinsson,15
Sweden,100,11975e4,24,UEFA,7,MF,1985-06-06,LARSSON,Hull City FC,178,70,ENG,33.02191780821918,Sebastian Larsson,100
Sweden,100,11975e4,24,UEFA,8,MF,1989-07-28,EKDAL,Hamburger SV,186,75,GER,28.87945205479452,Albin Ekdal,34
Sweden,100,11975e4,24,UEFA,9,FW,1986-08-17,BERG,Al Ain FC,183,76,UAE,31.824657534246576,Marcus Berg,57
Sweden,100,11975e4,24,UEFA,10,MF,1991-10-23,FORSBERG,RB Leipzig,179,78,GER,26.64109589041096,Emil Forsberg,36
Sweden,100,11975e4,24,UEFA,11,FW,1992-04-15,GUIDETTI,Deportivo Alavés,185,79,ESP,26.164383561643834,John Guidetti,20
Sweden,100,11975e4,24,UEFA,12,GK,1990-01-28,JOHNSSON,EA Guingamp,187,83,FRA,28.375342465753423,Karl-Johan Johnsson,5
Sweden,100,11975e4,24,UEFA,13,MF,1987-02-07,SVENSSON,Seattle Sounders FC,183,77,USA,31.34794520547945,Gustav Svensson,13
Sweden,100,11975e4,24,UEFA,14,DF,1993-04-22,HELANDER,Bologna FC,192,83,ITA,25.145205479452056,Filip Helander,4
Sweden,100,11975e4,24,UEFA,15,MF,1992-06-28,HILJEMARK,Genoa CFC,184,73,ITA,25.96164383561644,Oscar Hiljemark,22
Sweden,100,11975e4,24,UEFA,16,DF,1994-08-02,KRAFTH,Bologna FC,181,72,ITA,23.865753424657534,Emil Krafth,13
Sweden,100,11975e4,24,UEFA,17,MF,1992-01-02,CLAESSON,FC Krasnodar,183,79,RUS,26.446575342465753,Viktor Claesson,22
Sweden,100,11975e4,24,UEFA,18,DF,1991-02-13,JANSSON,Leeds United FC,194,89,ENG,27.33150684931507,Pontus Jansson,15
Sweden,100,11975e4,24,UEFA,19,MF,1991-05-11,ROHDÉN,FC Crotone,182,76,ITA,27.09315068493151,Marcus Rohdén,12
Sweden,100,11975e4,24,UEFA,20,FW,1986-07-03,TOIVONEN,Toulouse FC,192,78,FRA,31.947945205479453,Ola Toivonen,59
Sweden,100,11975e4,24,UEFA,21,MF,1989-03-22,DURMAZ,Toulouse FC,180,69,FRA,29.23013698630137,Jimmy Durmaz,45
Sweden,100,11975e4,24,UEFA,22,FW,1992-06-24,KIESE THELIN,KV Waasland-Beveren,189,83,BEL,25.972602739726028,Isaac Kiese Thelin,20
Sweden,100,11975e4,24,UEFA,23,GK,1989-06-23,NORDFELDT,Swansea City AFC,190,85,WAL,28.975342465753425,Kristoffer Nordfeldt,8
South Korea,47.8,8753e4,57,AFC,1,GK,1990-09-30,S G KIM,Vissel Kobe,187,80,JPN,27.704109589041096,Kim Seung-gyu,33
South Korea,47.8,8753e4,57,AFC,2,DF,1986-12-24,Y LEE,Jeonbuk Hyundai,180,74,KOR,31.471232876712328,Lee Yong,28
South Korea,47.8,8753e4,57,AFC,3,DF,1994-04-03,S H JUNG,Sagan Tosu FC,188,74,JPN,24.197260273972603,Jung Seung-hyun,6
South Korea,47.8,8753e4,57,AFC,4,DF,1988-05-20,B S OH,Jeju United,189,79,KOR,30.068493150684933,Oh Ban-suk,2
South Korea,47.8,8753e4,57,AFC,5,DF,1988-10-04,Y S YUN,Seongnam FC,185,78,KOR,29.693150684931506,Yun Young-sun,6
South Korea,47.8,8753e4,57,AFC,6,DF,1987-01-16,J H PARK,Ulsan Hyundai FC,174,71,KOR,31.40821917808219,Park Joo-ho,36
South Korea,47.8,8753e4,57,AFC,7,FW,1992-07-08,H M SON,Tottenham Hotspur FC,183,76,ENG,25.934246575342467,Son Heung-min,67
South Korea,47.8,8753e4,57,AFC,8,MF,1990-10-30,S J JU,Asan Mugunghwa FC,176,70,KOR,27.621917808219177,Ju Se-jong,11
South Korea,47.8,8753e4,57,AFC,9,FW,1988-04-14,S W KIM,Jeonbuk Hyundai,197,97,KOR,30.167123287671235,Kim Shin-wook,50
South Korea,47.8,8753e4,57,AFC,10,MF,1998-01-06,S W LEE,Hellas Verona FC,170,63,ITA,20.435616438356163,Lee Seung-woo,4
South Korea,47.8,8753e4,57,AFC,11,FW,1996-01-26,H C HWANG,FC Red Bull Salzburg,177,77,AUT,22.38082191780822,Hwang Hee-chan,14
South Korea,47.8,8753e4,57,AFC,12,DF,1990-02-25,M W KIM,Sangju Sangmu FC,172,69,KOR,28.2986301369863,Kim Min-woo,20
South Korea,47.8,8753e4,57,AFC,13,MF,1989-02-27,J C KOO,FC Augsburg,182,73,GER,29.293150684931508,Koo Ja-cheol,68
South Korea,47.8,8753e4,57,AFC,14,DF,1990-09-17,C HONG,Sangju Sangmu FC,176,67,KOR,27.73972602739726,Hong Chul,14
South Korea,47.8,8753e4,57,AFC,15,MF,1989-12-14,W Y JUNG,Vissel Kobe,186,78,JPN,28.4986301369863,Jung Woo-young,30
South Korea,47.8,8753e4,57,AFC,16,MF,1989-01-24,S Y KI,Swansea City AFC,186,75,WAL,29.386301369863013,Ki Sung-yueng,102
South Korea,47.8,8753e4,57,AFC,17,MF,1992-08-10,J S LEE,Jeonbuk Hyundai,180,70,KOR,25.843835616438355,Lee Jae-sung,35
South Korea,47.8,8753e4,57,AFC,18,MF,1992-06-09,S M MOON,Incheon United FC,172,68,KOR,26.013698630136986,Moon Seon-min,3
South Korea,47.8,8753e4,57,AFC,19,DF,1990-02-27,Y G KIM,Guangzhou Evergrande FC,184,74,CHN,28.293150684931508,Kim Young-gwon,53
South Korea,47.8,8753e4,57,AFC,20,DF,1991-09-28,H S JANG,FC Tokyo,187,77,JPN,26.70958904109589,Jang Hyun-soo,51
South Korea,47.8,8753e4,57,AFC,21,GK,1987-07-06,J H KIM,Cerezo Osaka,193,82,JPN,30.93972602739726,Kim Jin-hyeon,15
South Korea,47.8,8753e4,57,AFC,22,DF,1988-03-10,Y H GO,FC Seoul,170,65,KOR,30.263013698630136,Go Yo-han,20
South Korea,47.8,8753e4,57,AFC,23,GK,1991-09-25,H W JO,Daegu FC,189,75,KOR,26.71780821917808,Cho Hyun-woo,6
Iceland,91.3,7605e4,22,UEFA,1,GK,1984-04-27,HALLDORSSON,Randers FC,193,88,DEN,34.131506849315066,Hannes Þór Halldórsson,49
Iceland,91.3,7605e4,22,UEFA,2,DF,1984-11-11,SÆVARSSON,Valur Reykjavik,186,75,ISL,33.58904109589041,Birkir Már Sævarsson,79
Iceland,91.3,7605e4,22,UEFA,3,MF,1996-02-22,FRIDJÓNSSON,Valerenga IF,185,78,NOR,22.306849315068494,Samúel Friðjónsson,4
Iceland,91.3,7605e4,22,UEFA,4,MF,1997-06-15,A. GUDMUNDSSON,PSV Eindhoven,177,80,NED,20.997260273972604,Albert Guðmundsson,5
Iceland,91.3,7605e4,22,UEFA,5,DF,1993-08-05,INGASON,FC Rostov,188,80,RUS,24.85753424657534,Sverrir Ingi Ingason,20
Iceland,91.3,7605e4,22,UEFA,6,DF,1986-06-19,R. SIGURDSSON,FC Rostov,187,86,RUS,31.986301369863014,Ragnar Sigurðsson,77
Iceland,91.3,7605e4,22,UEFA,7,MF,1990-10-27,J. GUDMUNDSSON,Burnley FC,179,77,ENG,27.63013698630137,Jóhann Berg Guðmundsson,67
Iceland,91.3,7605e4,22,UEFA,8,MF,1988-05-27,B. BJARNASON,Aston Villa FC,183,77,ENG,30.04931506849315,Birkir Bjarnason,67
Iceland,91.3,7605e4,22,UEFA,9,FW,1991-02-26,SIGURDARSON,FC Rostov,187,85,RUS,27.295890410958904,Björn Bergmann Sigurðarson,12
Iceland,91.3,7605e4,22,UEFA,10,MF,1989-09-08,G. SIGURDSSON,Everton FC,186,82,ENG,28.764383561643836,Gylfi Sigurðsson,57
Iceland,91.3,7605e4,22,UEFA,11,FW,1989-02-01,FINNBOGASON,FC Augsburg,185,79,GER,29.364383561643837,Alfreð Finnbogason,47
Iceland,91.3,7605e4,22,UEFA,12,GK,1995-01-19,SCHRAM,Roskilde BK,198,92,DEN,23.4,Frederik Schram,4
Iceland,91.3,7605e4,22,UEFA,13,GK,1995-02-18,RÚNARSSON,FC Nordsjaelland,186,76,DEN,23.317808219178083,Rúnar Alex Rúnarsson,3
Iceland,91.3,7605e4,22,UEFA,14,DF,1982-10-13,ARNASON,Aberdeen FC,191,82,SCO,35.66849315068493,Kári Árnason,67
Iceland,91.3,7605e4,22,UEFA,15,DF,1990-08-06,EYJÓLFSSON,Levski Sofia,188,81,BUL,27.854794520547944,Hólmar Örn Eyjólfsson,10
Iceland,91.3,7605e4,22,UEFA,16,MF,1983-04-01,Ó. SKÚLASON,Karabukspor,184,79,TUR,35.202739726027396,Ólafur Ingi Skúlason,36
Iceland,91.3,7605e4,22,UEFA,17,MF,1989-04-22,GUNNARSSON,Cardiff City FC,181,86,WAL,29.145205479452056,Aron Gunnarsson,77
Iceland,91.3,7605e4,22,UEFA,18,DF,1993-02-11,MAGNÚSSON,Bristol City FC,191,85,ENG,25.336986301369862,Hörður Björgvin Magnússon,16
Iceland,91.3,7605e4,22,UEFA,19,MF,1988-02-25,GISLASON,SV Sandhausen,184,78,GER,30.2986301369863,Rúrik Gíslason,47
Iceland,91.3,7605e4,22,UEFA,20,MF,1984-06-29,HALLFREDSSON,Udinese Calcio,186,86,ITA,33.95890410958904,Emil Hallfreðsson,64
Iceland,91.3,7605e4,22,UEFA,21,MF,1993-04-30,TRAUSTASON,Malmö FF,183,73,SWE,25.123287671232877,Arnór Ingvi Traustason,19
Iceland,91.3,7605e4,22,UEFA,22,FW,1992-05-25,BÖDVARSSON,Reading FC,189,89,ENG,26.054794520547944,Jón Daði Böðvarsson,38
Iceland,91.3,7605e4,22,UEFA,23,DF,1987-05-14,A. SKÚLASON,KSC Lokeren,170,63,BEL,31.084931506849315,Ari Freyr Skúlason,56
Japan,65.2,734e5,61,AFC,1,GK,1983-03-20,KAWASHIMA,FC Metz,185,74,FRA,35.23561643835617,Eiji Kawashima,84
Japan,65.2,734e5,61,AFC,2,DF,1994-10-24,UEDA,Kashima Antlers,186,79,JPN,23.638356164383563,Naomichi Ueda,4
Japan,65.2,734e5,61,AFC,3,DF,1992-12-11,SHOJI,Kashima Antlers,182,74,JPN,25.506849315068493,Gen Shoji,11
Japan,65.2,734e5,61,AFC,4,MF,1986-06-13,HONDA,CF Pachuca,182,74,MEX,32.0027397260274,Keisuke Honda,95
Japan,65.2,734e5,61,AFC,5,DF,1986-09-12,NAGATOMO,Galatasaray SK,170,68,TUR,31.753424657534246,Yuto Nagatomo,105
Japan,65.2,734e5,61,AFC,6,DF,1993-02-09,ENDO,Urawa Reds,178,75,JPN,25.34246575342466,Wataru Endo,12
Japan,65.2,734e5,61,AFC,7,MF,1992-05-28,SHIBASAKI,Getafe CF,175,64,ESP,26.046575342465754,Gaku Shibasaki,18
Japan,65.2,734e5,61,AFC,8,MF,1991-05-09,HARAGUCHI,Fortuna Düsseldorf,178,68,GER,27.0986301369863,Genki Haraguchi,33
Japan,65.2,734e5,61,AFC,9,FW,1986-04-16,OKAZAKI,Leicester City FC,174,70,ENG,32.16164383561644,Shinji Okazaki,113
Japan,65.2,734e5,61,AFC,10,MF,1989-03-17,KAGAWA,Borussia Dortmund,175,68,GER,29.243835616438357,Shinji Kagawa,92
Japan,65.2,734e5,61,AFC,11,MF,1992-05-06,USAMI,Fortuna Düsseldorf,178,72,GER,26.106849315068494,Takashi Usami,24
Japan,65.2,734e5,61,AFC,12,GK,1986-05-12,HIGASHIGUCHI,Gamba Osaka,184,78,JPN,32.09041095890411,Masaaki Higashiguchi,5
Japan,65.2,734e5,61,AFC,13,FW,1992-07-15,MUTO,FSV Mainz 05,179,72,GER,25.915068493150685,Yoshinori Muto,24
Japan,65.2,734e5,61,AFC,14,MF,1988-06-02,INUI,SD Eibar,169,59,ESP,30.03287671232877,Takashi Inui,27
Japan,65.2,734e5,61,AFC,15,FW,1990-05-18,OSAKO,1. FC Köln,182,71,GER,28.073972602739726,Yuya Osako,29
Japan,65.2,734e5,61,AFC,16,MF,1990-10-06,YAMAGUCHI,Cerezo Osaka,173,72,JPN,27.687671232876713,Hotaru Yamaguchi,42
Japan,65.2,734e5,61,AFC,17,MF,1984-01-18,HASEBE,Eintracht Frankfurt,180,72,GER,34.4027397260274,Makoto Hasebe,110
Japan,65.2,734e5,61,AFC,18,MF,1993-01-23,OHSHIMA,Kawasaki Frontale,168,64,JPN,25.389041095890413,Ryota Oshima,5
Japan,65.2,734e5,61,AFC,19,DF,1990-04-12,H. SAKAI,Olympique Marseille,183,70,FRA,28.172602739726027,Hiroki Sakai,43
Japan,65.2,734e5,61,AFC,20,DF,1987-05-11,MAKINO,Urawa Reds,182,77,JPN,31.09315068493151,Tomoaki Makino,32
Japan,65.2,734e5,61,AFC,21,DF,1991-03-14,G. SAKAI,Hamburger SV,176,74,GER,27.252054794520546,Gōtoku Sakai,41
Japan,65.2,734e5,61,AFC,22,DF,1988-08-24,YOSHIDA,Southampton FC,189,78,ENG,29.805479452054794,Maya Yoshida,82
Japan,65.2,734e5,61,AFC,23,GK,1995-02-27,NAKAMURA,Kashiwa Reysol,184,72,JPN,23.293150684931508,Kosuke Nakamura,4
Tunisia,73.9,58879999.99999999,21,CAF,1,GK,1989-07-01,BEN MUSTAPHA,Al Shabab FC,192,85,KSA,28.953424657534246,Farouk Ben Mustapha,15
Tunisia,73.9,58879999.99999999,21,CAF,2,DF,1989-03-31,BEN YOUSSEF .S,Kasimpasa SK,189,87,TUR,29.205479452054796,Syam Ben Youssef,42
Tunisia,73.9,58879999.99999999,21,CAF,3,DF,1987-03-28,BEN ALOUANE,Leicester City FC,185,75,ENG,31.213698630136985,Yohan Benalouane,4
Tunisia,73.9,58879999.99999999,21,CAF,4,DF,1993-07-02,MERIAH,CS Sfaxien,183,70,TUN,24.95068493150685,Yassine Meriah,16
Tunisia,73.9,58879999.99999999,21,CAF,5,DF,1992-01-28,HADDADI,Dijon FCO,185,76,FRA,26.375342465753423,Oussama Haddadi,9
Tunisia,73.9,58879999.99999999,21,CAF,6,DF,1990-01-19,BEDOUI,Étoile du Sahel,187,77,TUN,28.4,Rami Bedoui,8
Tunisia,73.9,58879999.99999999,21,CAF,7,FW,1995-04-27,KHAOUI,ES Troyes,180,76,FRA,23.13150684931507,Saîf-Eddine Khaoui,5
Tunisia,73.9,58879999.99999999,21,CAF,8,FW,1991-06-23,BEN YOUSSEF .F,Al Ittifaq FC,189,80,KSA,26.975342465753425,Fakhreddine Ben Youssef,39
Tunisia,73.9,58879999.99999999,21,CAF,9,MF,1990-09-18,BADRI,ES Tunis,178,70,TUN,27.736986301369864,Anice Badri,7
Tunisia,73.9,58879999.99999999,21,CAF,10,FW,1991-02-08,KHAZRI,Stade Rennais FC,182,76,FRA,27.345205479452055,Wahbi Khazri,35
Tunisia,73.9,58879999.99999999,21,CAF,11,DF,1995-06-19,BRONN,KAA Gent,186,75,BEL,22.986301369863014,Dylan Bronn,5
Tunisia,73.9,58879999.99999999,21,CAF,12,DF,1990-01-01,MAALOUL,Al Ahly SC,170,72,EGY,28.44931506849315,Ali Maâloul,46
Tunisia,73.9,58879999.99999999,21,CAF,13,MF,1992-03-18,SASSI,Al Nassr FC,186,80,KSA,26.24109589041096,Ferjani Sassi,39
Tunisia,73.9,58879999.99999999,21,CAF,14,MF,1992-05-03,BEN AMOR,Al Ahli SC,180,75,KSA,26.115068493150684,Mohamed Amine Ben Amor,26
Tunisia,73.9,58879999.99999999,21,CAF,15,FW,1994-12-21,KHALIL,Club Africain,187,75,TUN,23.47945205479452,Ahmed Khalil,3
Tunisia,73.9,58879999.99999999,21,CAF,16,GK,1984-09-14,MATHLOUTHI .A,Al Batin FC,182,84,KSA,33.74794520547945,Aymen Mathlouthi,70
Tunisia,73.9,58879999.99999999,21,CAF,17,MF,1995-05-10,SKHIRI JORIS,Montpellier HSC,185,69,FRA,23.095890410958905,Ellyes Skhiri,5
Tunisia,73.9,58879999.99999999,21,CAF,18,FW,1997-06-25,SRARFI,OGC Nice,176,71,FRA,20.96986301369863,Bassem Srarfi,5
Tunisia,73.9,58879999.99999999,21,CAF,19,FW,1986-10-14,KHALIFA,Club Africain,185,72,TUN,31.665753424657535,Saber Khalifa,44
Tunisia,73.9,58879999.99999999,21,CAF,20,FW,1994-02-28,CHAALELI,ES Tunis,179,70,TUN,24.29041095890411,Ghailene Chaalali,6
Tunisia,73.9,58879999.99999999,21,CAF,21,DF,1992-10-28,NAGUEZ,Zamalek,186,75,EGY,25.627397260273973,Hamdi Nagguez,15
Tunisia,73.9,58879999.99999999,21,CAF,22,GK,1995-03-05,HASSEN,LB Chateauroux,186,70,FRA,23.276712328767122,Mouez Hassen,3
Tunisia,73.9,58879999.99999999,21,CAF,23,FW,1992-07-27,SLITI,Dijon FCO,173,65,FRA,25.882191780821916,Naïm Sliti,17
Australia,87,5025e4,36,AFC,1,GK,1992-04-08,RYAN,Brighton & Hove Albion FC,184,82,ENG,26.183561643835617,Mathew Ryan,44
Australia,87,5025e4,36,AFC,2,DF,1994-04-28,DEGENEK,Yokohama F-Marinos,187,85,JPN,24.12876712328767,Milos Degenek,18
Australia,87,5025e4,36,AFC,3,DF,1988-04-05,MEREDITH,Millwall FC,179,71,ENG,30.19178082191781,James Meredith,2
Australia,87,5025e4,36,AFC,4,FW,1979-12-06,CAHILL,Millwall FC,180,76,ENG,38.52054794520548,Tim Cahill,106
Australia,87,5025e4,36,AFC,5,DF,1985-08-04,MILLIGAN,Al Ahli SC,178,78,KSA,32.86027397260274,Mark Milligan,71
Australia,87,5025e4,36,AFC,6,DF,1989-12-08,JURMAN,Suwon Samsung Bluewings FC,190,83,KOR,28.515068493150686,Matthew Jurman,4
Australia,87,5025e4,36,AFC,7,FW,1991-02-04,LECKIE,Hertha BSC,181,84,GER,27.356164383561644,Mathew Leckie,53
Australia,87,5025e4,36,AFC,8,MF,1992-09-25,LUONGO,Queens Park Rangers FC,176,76,ENG,25.71780821917808,Massimo Luongo,36
Australia,87,5025e4,36,AFC,9,FW,1991-07-22,JURIC,FC Luzern,190,80,SUI,26.895890410958906,Tomi Juric,35
Australia,87,5025e4,36,AFC,10,FW,1988-10-05,KRUSE,VfL Bochum,180,66,GER,29.69041095890411,Robbie Kruse,64
Australia,87,5025e4,36,AFC,11,FW,1992-12-17,NABBOUT,Urawa Reds,178,85,JPN,25.49041095890411,Andrew Nabbout,4
Australia,87,5025e4,36,AFC,12,GK,1982-03-19,JONES,Feyenoord Rotterdam,193,87,NED,36.23835616438356,Brad Jones,6
Australia,87,5025e4,36,AFC,13,MF,1990-09-15,MOOY,Huddersfield Town FC,173,72,ENG,27.745205479452054,Aaron Mooy,34
Australia,87,5025e4,36,AFC,14,FW,1993-07-29,MACLAREN,Hibernian FC,178,72,SCO,24.876712328767123,Jamie Maclaren,6
Australia,87,5025e4,36,AFC,15,MF,1984-08-03,JEDINAK,Aston Villa FC,188,78,ENG,33.863013698630134,Mile Jedinak,76
Australia,87,5025e4,36,AFC,16,DF,1990-12-16,BEHICH,Bursaspor,170,63,TUR,27.493150684931507,Aziz Behich,23
Australia,87,5025e4,36,AFC,17,FW,1999-01-04,ARZANI,Melbourne City FC,171,73,AUS,19.44109589041096,Daniel Arzani,2
Australia,87,5025e4,36,AFC,18,GK,1985-03-27,VUKOVIC,KRC Genk,187,94,BEL,33.21643835616438,Danny Vukovic,1
Australia,87,5025e4,36,AFC,19,DF,1992-07-27,RISDON,WS Wanderers FC,169,70,AUS,25.882191780821916,Josh Risdon,8
Australia,87,5025e4,36,AFC,20,DF,1992-01-05,SAINSBURY,Grasshopper Club,183,76,SUI,26.438356164383563,Trent Sainsbury,35
Australia,87,5025e4,36,AFC,21,FW,1992-11-10,PETRATOS,Newcastle United Jets FC,176,72,AUS,25.59178082191781,Dimitri Petratos,2
Australia,87,5025e4,36,AFC,22,MF,1993-03-07,IRVINE,Hull City FC,180,77,ENG,25.27123287671233,Jackson Irvine,19
Australia,87,5025e4,36,AFC,23,MF,1992-12-16,ROGIC,Celtic FC,189,88,SCO,25.493150684931507,Tom Rogic,37
Iran,60.9,483e5,37,AFC,1,GK,1992-09-21,A. BEIRANVAND,Persepolis FC,194,85,IRN,25.72876712328767,Alireza Beiranvand,22
Iran,60.9,483e5,37,AFC,2,MF,1994-09-10,M. TORABI,Saipa Alborz FC,185,71,IRN,23.75890410958904,Mehdi Torabi,17
Iran,60.9,483e5,37,AFC,3,DF,1990-02-25,HAJI SAFI,Olympiacos Piraeus FC,178,75,GRE,28.2986301369863,Ehsan Hajsafi,94
Iran,60.9,483e5,37,AFC,4,DF,1993-07-24,R. CHESHMI,Esteghlal Tehran FC,192,80,IRN,24.89041095890411,Rouzbeh Cheshmi,10
Iran,60.9,483e5,37,AFC,5,DF,1993-09-29,M. MOHAMMADI,FC Akhmat Grozny,178,69,RUS,24.706849315068492,Milad Mohammadi,19
Iran,60.9,483e5,37,AFC,6,MF,1996-10-01,S. EZATOLAHI,FK Amkar Perm,190,82,RUS,21.7013698630137,Saeid Ezatolahi,25
Iran,60.9,483e5,37,AFC,7,MF,1984-06-09,SHOJAEI M.,AEK Athens,187,79,GRE,34.013698630136986,Masoud Shojaei,74
Iran,60.9,483e5,37,AFC,8,DF,1992-04-19,M. POURALIGANJI,Al Sadd SC,187,83,QAT,26.153424657534245,Morteza Pouraliganji,27
Iran,60.9,483e5,37,AFC,9,MF,1987-09-16,OMID,Esteghlal Tehran FC,178,75,IRN,30.742465753424657,Omid Ebrahimi,30
Iran,60.9,483e5,37,AFC,10,FW,1990-04-03,KARIM,Olympiacos Piraeus FC,187,80,GRE,28.197260273972603,Karim Ansarifard,64
Iran,60.9,483e5,37,AFC,11,MF,1988-04-02,V. AMIRI,Persepolis FC,179,71,IRN,30.2,Vahid Amiri,36
Iran,60.9,483e5,37,AFC,12,GK,1989-05-18,RASHID,Zob Ahan Isfahan FC,192,84,IRN,29.073972602739726,Mohammad Rashid Mazaheri,3
Iran,60.9,483e5,37,AFC,13,DF,1991-05-11,M.R. KHANZADEH,Padideh FC,186,80,IRN,27.09315068493151,Mohammad Reza Khanzadeh,11
Iran,60.9,483e5,37,AFC,14,FW,1993-09-06,GHODDOS,IFK Östersund FK,177,79,SWE,24.76986301369863,Saman Ghoddos,8
Iran,60.9,483e5,37,AFC,15,DF,1983-09-06,P. MONTAZERI,Esteghlal Tehran FC,185,77,IRN,34.76986301369863,Pejman Montazeri,46
Iran,60.9,483e5,37,AFC,16,FW,1987-09-20,REZA,SC Heerenveen,180,79,NED,30.731506849315068,Reza Ghoochannejhad,43
Iran,60.9,483e5,37,AFC,17,FW,1992-07-18,MEHDI,Al Gharafa SC,187,80,QAT,25.90684931506849,Mehdi Taremi,26
Iran,60.9,483e5,37,AFC,18,FW,1993-08-11,A. JAHANBAKHSH,AZ Alkmaar,180,77,NED,24.84109589041096,Alireza Jahanbakhsh,38
Iran,60.9,483e5,37,AFC,19,DF,1996-06-20,M. HOSSEINI,Esteghlal Tehran FC,183,78,IRN,21.983561643835618,Majid Hosseini,1
Iran,60.9,483e5,37,AFC,20,FW,1995-01-01,SARDAR,FC Rubin Kazan,186,80,RUS,23.44931506849315,Sardar Azmoun,33
Iran,60.9,483e5,37,AFC,21,FW,1986-07-05,DEJAGAH,Nottingham Forest FC,181,78,ENG,31.942465753424656,Ashkan Dejagah,46
Iran,60.9,483e5,37,AFC,22,GK,1993-04-26,ABEDZADEH,CS Maritimo,186,80,POR,25.134246575342466,Amir Abedzadeh,1
Iran,60.9,483e5,37,AFC,23,DF,1990-03-21,RAMIN,KV Oostende,185,75,BEL,28.232876712328768,Ramin Rezaeian,28
Costa Rica,69.6,4015e4,23,CONCACAF,1,GK,1986-12-15,K. NAVAS,Real Madrid CF,185,80,ESP,31.495890410958904,Keylor Navas,81
Costa Rica,69.6,4015e4,23,CONCACAF,2,DF,1983-07-21,J. ACOSTA,Rionegro Águilas,176,75,COL,34.8986301369863,Johnny Acosta,69
Costa Rica,69.6,4015e4,23,CONCACAF,3,DF,1988-02-08,G. GONZALEZ,Bologna FC,186,78,ITA,30.345205479452055,Giancarlo González,70
Costa Rica,69.6,4015e4,23,CONCACAF,4,DF,1998-03-06,I. SMITH,IFK Norrkoping FK,177,68,SWE,20.273972602739725,Ian Smith,4
Costa Rica,69.6,4015e4,23,CONCACAF,5,MF,1988-05-27,C. BORGES,Deportivo La Coruña,187,79,ESP,30.04931506849315,Celso Borges,113
Costa Rica,69.6,4015e4,23,CONCACAF,6,DF,1989-06-03,O. DUARTE,RCD Espanyol,186,81,ESP,29.03013698630137,Óscar Duarte,39
Costa Rica,69.6,4015e4,23,CONCACAF,7,MF,1984-05-17,C. BOLAÑOS,Deportivo Saprissa,178,67,CRC,34.07671232876712,Christian Bolaños,81
Costa Rica,69.6,4015e4,23,CONCACAF,8,DF,1990-02-18,B. OVIEDO,Sunderland AFC,172,70,ENG,28.317808219178083,Bryan Oviedo,44
Costa Rica,69.6,4015e4,23,CONCACAF,9,MF,1985-01-10,D. COLINDRES,Deportivo Saprissa,180,75,CRC,33.42465753424658,Daniel Colindres,11
Costa Rica,69.6,4015e4,23,CONCACAF,10,MF,1985-08-18,BRYAN,Sporting CP,187,73,POR,32.821917808219176,Bryan Ruiz,110
Costa Rica,69.6,4015e4,23,CONCACAF,11,FW,1988-11-27,J. VENEGAS,Deportivo Saprissa,183,76,CRC,29.545205479452054,Johan Venegas,47
Costa Rica,69.6,4015e4,23,CONCACAF,12,FW,1992-06-26,J. CAMPBELL,Real Betis,178,71,ESP,25.96712328767123,Joel Campbell,77
Costa Rica,69.6,4015e4,23,CONCACAF,13,MF,1988-06-17,R. WALLACE,New York City FC,180,70,USA,29.991780821917807,Rodney Wallace,30
Costa Rica,69.6,4015e4,23,CONCACAF,14,MF,1984-12-30,R. AZOFEIFA,CS Herediano,182,83,CRC,33.45479452054794,Randall Azofeifa,58
Costa Rica,69.6,4015e4,23,CONCACAF,15,DF,1992-07-08,F. CALVO,Minnesota United FC,180,78,USA,25.934246575342467,Francisco Calvo,38
Costa Rica,69.6,4015e4,23,CONCACAF,16,DF,1989-10-24,C. GAMBOA,Celtic FC,175,67,SCO,28.638356164383563,Cristian Gamboa,68
Costa Rica,69.6,4015e4,23,CONCACAF,17,MF,1992-03-17,Y. TEJEDA,FC Lausanne-Sport,179,67,SUI,26.243835616438357,Yeltsin Tejeda,51
Costa Rica,69.6,4015e4,23,CONCACAF,18,GK,1982-04-24,P. PEMBERTON,LD Alajuelense,178,72,CRC,36.13972602739726,Patrick Pemberton,39
Costa Rica,69.6,4015e4,23,CONCACAF,19,DF,1988-01-01,K. WASTON,Vancouver Whitecaps FC,196,87,CAN,30.44931506849315,Kendall Waston,26
Costa Rica,69.6,4015e4,23,CONCACAF,20,MF,1990-02-18,D. GUZMAN,Portland Timbers,176,78,USA,28.317808219178083,David Guzmán,43
Costa Rica,69.6,4015e4,23,CONCACAF,21,FW,1990-03-05,M. UREÑA,Los Angeles FC,181,70,USA,28.276712328767122,Marco Ureña,64
Costa Rica,69.6,4015e4,23,CONCACAF,22,DF,1994-07-09,R. MATARRITA,New York City FC,175,70,USA,23.931506849315067,Kenner Gutiérrez,9
Costa Rica,69.6,4015e4,23,CONCACAF,23,GK,1990-04-02,L. MOREIRA,CS Herediano,179,70,CRC,28.2,Leonel Moreira,9
Peru,78.3,3853e4,11,CONMEBOL,1,GK,1990-02-23,GALLESE,CD Tiburones Rojos de Veracruz,189,79,MEX,28.304109589041097,Pedro Gallese,38
Peru,78.3,3853e4,11,CONMEBOL,2,DF,1984-03-31,RODRIGUEZ,Atletico Junior,179,78,COL,34.205479452054796,Alberto Rodríguez,59
Peru,78.3,3853e4,11,CONMEBOL,3,DF,1989-05-20,CORZO,Universitario Lima,172,75,PER,29.068493150684933,Aldo Corzo,25
Peru,78.3,3853e4,11,CONMEBOL,4,DF,1992-01-10,SANTAMARIA,Puebla FC,183,84,MEX,26.424657534246574,Anderson Santamaría,4
Peru,78.3,3853e4,11,CONMEBOL,5,DF,1994-10-24,ARAUJO,Alianza Lima,178,77,PER,23.638356164383563,Miguel Araujo,7
Peru,78.3,3853e4,11,CONMEBOL,6,DF,1992-08-25,TRAUCO,CR Flamengo,169,74,BRA,25.802739726027397,Miguel Trauco,27
Peru,78.3,3853e4,11,CONMEBOL,7,MF,1990-07-27,HURTADO,Vitoria Guimaraes,174,66,POR,27.882191780821916,Paolo Hurtado,31
Peru,78.3,3853e4,11,CONMEBOL,8,MF,1991-11-23,CUEVA,Sao Paulo FC,169,69,BRA,26.556164383561644,Christian Cueva,44
Peru,78.3,3853e4,11,CONMEBOL,9,FW,1984-01-01,GUERRERO,CR Flamengo,185,88,BRA,34.44931506849315,Paolo Guerrero,88
Peru,78.3,3853e4,11,CONMEBOL,10,FW,1984-10-26,FARFAN,FC Lokomotiv Moscow,177,85,RUS,33.632876712328766,Jefferson Farfán,84
Peru,78.3,3853e4,11,CONMEBOL,11,FW,1990-07-25,RUIDIAZ,CA Monarcas Morelia,169,67,MEX,27.887671232876713,Raúl Ruidíaz,30
Peru,78.3,3853e4,11,CONMEBOL,12,GK,1991-09-27,CACEDA,Deportivo Municipal,184,78,PER,26.71232876712329,Carlos Cáceda,4
Peru,78.3,3853e4,11,CONMEBOL,13,MF,1995-07-28,TAPIA,Feyenoord Rotterdam,185,85,NED,22.87945205479452,Renato Tapia,23
Peru,78.3,3853e4,11,CONMEBOL,14,MF,1994-09-29,POLO,Portland Timbers,174,71,USA,23.706849315068492,Andy Polo,17
Peru,78.3,3853e4,11,CONMEBOL,15,DF,1988-11-04,RAMOS,CD Tiburones Rojos de Veracruz,182,72,MEX,29.60821917808219,Christian Ramos,66
Peru,78.3,3853e4,11,CONMEBOL,16,MF,1994-09-23,CARTAGENA,CD Tiburones Rojos de Veracruz,179,76,MEX,23.723287671232878,Wilder Cartagena,3
Peru,78.3,3853e4,11,CONMEBOL,17,DF,1990-03-02,ADVINCULA,Lobos BUAP,178,80,MEX,28.284931506849315,Luis Advíncula,65
Peru,78.3,3853e4,11,CONMEBOL,18,FW,1991-06-14,CARRILLO,Watford FC,182,77,ENG,27,André Carrillo,45
Peru,78.3,3853e4,11,CONMEBOL,19,MF,1990-04-07,YOTUN,Orlando City SC,172,69,USA,28.186301369863013,Yoshimar Yotún,73
Peru,78.3,3853e4,11,CONMEBOL,20,FW,1994-05-14,FLORES,Aalborg BK,170,72,DEN,24.084931506849315,Edison Flores,29
Peru,78.3,3853e4,11,CONMEBOL,21,GK,1986-03-01,CARVALLO,Universidad Técnica de Cajamarca,182,84,PER,32.28767123287671,José Carvallo,6
Peru,78.3,3853e4,11,CONMEBOL,22,DF,1994-10-26,LOYOLA,FBC Melgar,179,68,PER,23.632876712328766,Nilson Loyola,3
Peru,78.3,3853e4,11,CONMEBOL,23,MF,1995-04-13,AQUINO,Lobos BUAP,174,71,MEX,23.16986301369863,Pedro Aquino,13
Saudi Arabia,13,1883e4,67,AFC,1,GK,1987-01-23,ABDULLAH,Al Hilal SFC,178,98,KSA,31.389041095890413,Abdullah Al-Mayouf,11
Saudi Arabia,13,1883e4,67,AFC,2,DF,1987-10-19,MANSOUR,Al Ahli SC,173,68,KSA,30.65205479452055,Mansoor Al-Harbi,40
Saudi Arabia,13,1883e4,67,AFC,3,DF,1984-03-31,OSAMA,Al Hilal SFC,188,83,KSA,34.205479452054796,Osama Hawsawi,135
Saudi Arabia,13,1883e4,67,AFC,4,DF,1989-11-21,ALI,Al Hilal SFC,182,83,KSA,28.561643835616437,Ali Al-Bulaihi,4
Saudi Arabia,13,1883e4,67,AFC,5,DF,1985-09-27,OMAR,Al Nassr FC,185,76,KSA,32.71232876712329,Omar Hawsawi,42
Saudi Arabia,13,1883e4,67,AFC,6,DF,1992-09-15,ALBURAYK,Al Hilal SFC,173,61,KSA,25.745205479452054,Mohammed Al-Breik,11
Saudi Arabia,13,1883e4,67,AFC,7,MF,1989-08-01,SALMAN,Al Hilal SFC,179,63,KSA,28.86849315068493,Salman Al-Faraj,43
Saudi Arabia,13,1883e4,67,AFC,8,MF,1990-06-26,YAHIA,CD Leganés,165,63,ESP,27.96712328767123,Yahya Al-Shehri,57
Saudi Arabia,13,1883e4,67,AFC,9,MF,1992-07-16,HATAN,Al Shabab FC,170,66,KSA,25.912328767123288,Hattan Bahebri,5
Saudi Arabia,13,1883e4,67,AFC,10,FW,1987-01-10,ALSAHLAWI,Al Nassr FC,179,75,KSA,31.424657534246574,Mohammad Al-Sahlawi,40
Saudi Arabia,13,1883e4,67,AFC,11,MF,1986-03-13,ABDULMALEK,Al Hilal SFC,177,73,KSA,32.25479452054795,Abdulmalek Al-Khaibri,36
Saudi Arabia,13,1883e4,67,AFC,12,MF,1994-09-22,KANNO,Al Hilal SFC,192,73,KSA,23.726027397260275,Mohamed Kanno,6
Saudi Arabia,13,1883e4,67,AFC,13,DF,1992-05-25,YASIR,Al Hilal SFC,170,63,KSA,26.054794520547944,Yasser Al-Shahrani,37
Saudi Arabia,13,1883e4,67,AFC,14,MF,1992-08-03,OTAYF,Al Hilal SFC,177,66,KSA,25.863013698630137,Abdullah Otayf,16
Saudi Arabia,13,1883e4,67,AFC,15,MF,1996-08-16,ALKHAIBARI,Al Shabab FC,175,66,KSA,21.827397260273973,Abdullah Al-Khaibari,5
Saudi Arabia,13,1883e4,67,AFC,16,MF,1988-03-24,HUSSAIN,Al Ahli SC,174,76,KSA,30.224657534246575,Housain Al-Mogahwi,18
Saudi Arabia,13,1883e4,67,AFC,17,MF,1984-07-25,TAISEER,Al Ahli SC,169,69,KSA,33.88767123287671,Taisir Al-Jassim,132
Saudi Arabia,13,1883e4,67,AFC,18,MF,1991-08-19,SALEM,Villarreal CF,174,68,ESP,26.81917808219178,Salem Al-Dawsari,33
Saudi Arabia,13,1883e4,67,AFC,19,FW,1994-09-14,FAHAD,Levante UD,168,65,ESP,23.747945205479454,Fahad Al-Muwallad,45
Saudi Arabia,13,1883e4,67,AFC,20,FW,1986-10-14,MUHANNAD,Al Ahli SC,185,79,KSA,31.665753424657535,Muhannad Assiri,18
Saudi Arabia,13,1883e4,67,AFC,21,GK,1984-02-27,ALMOSAILEM,Al Ahli SC,186,88,KSA,34.293150684931504,Yasser Al-Mosailem,32
Saudi Arabia,13,1883e4,67,AFC,22,GK,1991-10-10,ALOWAIS,Al Ahli SC,187,79,KSA,26.676712328767124,Mohammed Al-Owais,6
Saudi Arabia,13,1883e4,67,AFC,23,DF,1992-02-17,MOTAZ,Al Ahli SC,180,79,KSA,26.32054794520548,Motaz Hawsawi,17
Panama,87,8229999.999999999,55,CONCACAF,1,GK,1981-09-26,PENEDO,Dinamo Bucharest,183,70,ROU,36.71506849315068,Jaime Penedo,131
Panama,87,8229999.999999999,55,CONCACAF,2,DF,1996-02-11,MURILLO,New York Red Bulls,183,78,USA,22.336986301369862,Michael Amir Murillo,22
Panama,87,8229999.999999999,55,CONCACAF,3,DF,1992-03-01,CUMMINGS,San Jose Earthquakes,183,92,USA,26.28767123287671,Harold Cummings,52
Panama,87,8229999.999999999,55,CONCACAF,4,DF,1995-01-09,ESCOBAR,New York Red Bulls,182,82,USA,23.427397260273974,Fidel Escobar,23
Panama,87,8229999.999999999,55,CONCACAF,5,DF,1986-03-20,R. TORRES,Seattle Sounders FC,188,99,USA,32.23561643835617,Román Torres,111
Panama,87,8229999.999999999,55,CONCACAF,6,MF,1984-05-29,GOMEZ,Atlético Bucaramanga,183,82,COL,34.04383561643836,Gabriel Gómez,144
Panama,87,8229999.999999999,55,CONCACAF,7,FW,1981-03-13,PEREZ,CSD Municipal,187,83,GUA,37.25479452054795,Blas Pérez,118
Panama,87,8229999.999999999,55,CONCACAF,8,MF,1993-10-23,BARCENAS,Cafetaleros de Tapachula,175,72,MEX,24.64109589041096,Édgar Bárcenas,29
Panama,87,8229999.999999999,55,CONCACAF,9,FW,1988-10-31,G. TORRES,CD Huachipato,180,77,CHI,29.61917808219178,Gabriel Torres,72
Panama,87,8229999.999999999,55,CONCACAF,10,FW,1997-05-12,DIAZ,Deportivo La Coruña,181,72,ESP,21.09041095890411,Ismael Díaz,11
Panama,87,8229999.999999999,55,CONCACAF,11,MF,1987-11-26,COOPER,Club Universidad de Chile,173,72,CHI,30.54794520547945,Armando Cooper,98
Panama,87,8229999.999999999,55,CONCACAF,12,GK,1985-08-14,CALDERON,Chorrillo FC,187,87,PAN,32.83287671232877,José Calderón,31
Panama,87,8229999.999999999,55,CONCACAF,13,DF,1985-02-14,MACHADO,Houston Dynamo,182,78,USA,33.32876712328767,Adolfo Machado,76
Panama,87,8229999.999999999,55,CONCACAF,14,MF,1991-05-30,PIMENTEL,Plaza Amador,189,80,PAN,27.041095890410958,Valentín Pimentel,23
Panama,87,8229999.999999999,55,CONCACAF,15,DF,1991-03-31,DAVIS,DAC Dunajska Streda,180,81,SVK,27.205479452054796,Erick Davis,38
Panama,87,8229999.999999999,55,CONCACAF,16,FW,1993-12-13,ARROYO,LD Alajuelense,183,82,CRC,24.5013698630137,Abdiel Arroyo,33
Panama,87,8229999.999999999,55,CONCACAF,17,DF,1988-09-07,OVALLE,CD Olimpia,178,75,HON,29.767123287671232,Luis Ovalle,25
Panama,87,8229999.999999999,55,CONCACAF,18,FW,1982-03-28,TEJADA,Sport Boys,183,87,PER,36.21369863013699,Luis Tejada,105
Panama,87,8229999.999999999,55,CONCACAF,19,MF,1987-12-18,QUINTERO,Universitario Lima,165,62,PER,30.487671232876714,Ricardo Ávila,5
Panama,87,8229999.999999999,55,CONCACAF,20,MF,1990-02-10,GODOY,San Jose Earthquakes,183,82,USA,28.339726027397262,Aníbal Godoy,88
Panama,87,8229999.999999999,55,CONCACAF,21,MF,1998-06-19,J. RODRIGUEZ,KAA Gent,180,77,BEL,19.986301369863014,José Luis Rodríguez,2
Panama,87,8229999.999999999,55,CONCACAF,22,GK,1990-08-05,RODRIGUEZ,San Francisco FC,197,83,PAN,27.85753424657534,Álex Rodríguez,6
Panama,87,8229999.999999999,55,CONCACAF,23,DF,1981-02-24,BALOY,CSD Municipal,185,87,GUA,37.3013698630137,Felipe Baloy,102
